-- phpMyAdmin SQL Dump
-- version 3.4.5
-- http://www.phpmyadmin.net
--
-- Host: localhost
-- Generation Time: Dec 28, 2013 at 09:01 PM
-- Server version: 5.5.16
-- PHP Version: 5.3.8

SET SQL_MODE="NO_AUTO_VALUE_ON_ZERO";
SET time_zone = "+00:00";


/*!40101 SET @OLD_CHARACTER_SET_CLIENT=@@CHARACTER_SET_CLIENT */;
/*!40101 SET @OLD_CHARACTER_SET_RESULTS=@@CHARACTER_SET_RESULTS */;
/*!40101 SET @OLD_COLLATION_CONNECTION=@@COLLATION_CONNECTION */;
/*!40101 SET NAMES utf8 */;

--
-- Database: `vtshackathon`
--

-- --------------------------------------------------------

--
-- Table structure for table `districts`
--

CREATE TABLE IF NOT EXISTS `districts` (
  `district_id` int(2) NOT NULL AUTO_INCREMENT,
  `district_name` varchar(20) CHARACTER SET utf8 COLLATE utf8_unicode_ci NOT NULL,
  `region` varchar(30) CHARACTER SET utf8 COLLATE utf8_unicode_ci NOT NULL,
  PRIMARY KEY (`district_id`),
  UNIQUE KEY `district_name` (`district_name`)
) ENGINE=InnoDB  DEFAULT CHARSET=latin1 AUTO_INCREMENT=76 ;

--
-- Dumping data for table `districts`
--

INSERT INTO `districts` (`district_id`, `district_name`, `region`) VALUES
(1, 'Taplejung', 'Eastern Region'),
(2, 'Panchthar', 'Eastern Region'),
(3, 'Ilam', 'Eastern Region'),
(4, 'Jhapa', 'Eastern Region'),
(5, 'Morang', 'Eastern Region'),
(6, 'Sunsari', 'Eastern Region'),
(7, 'Dhankuta', 'Eastern Region'),
(8, 'Terhathum', 'Eastern Region'),
(9, 'Sankhuwasabha', 'Eastern Region'),
(10, 'Bhojpur', 'Eastern Region'),
(11, 'Solukhumbu', 'Eastern Region'),
(12, 'Okhaldhunga', 'Eastern Region'),
(13, 'Khotang', 'Eastern Region'),
(14, 'Udayapur', 'Eastern Region'),
(15, 'Saptari', 'Eastern Region'),
(16, 'Siraha', 'Eastern Region'),
(17, 'Dhanusa', 'Central Region'),
(18, 'Mahottari', 'Central Region'),
(19, 'Sarlahi', 'Central Region'),
(20, 'Sindhuli', 'Central Region'),
(21, 'Ramechhap', 'Central Region'),
(22, 'Dolakha', 'Central Region'),
(23, 'Sindhupalchowk', 'Central Region'),
(24, 'Kavrepalanchok', 'Central Region'),
(25, 'Lalitpur', 'Central Region'),
(26, 'Bhaktapur', 'Central Region'),
(27, 'Kathmandu', 'Central Region'),
(28, 'Nuwakot', 'Central Region'),
(29, 'Rasuwa', 'Central Region'),
(30, 'Dhading', 'Central Region'),
(31, 'Makwanpur', 'Central Region'),
(32, 'Rautahat', 'Central Region'),
(33, 'Bara', 'Central Region'),
(34, 'Parsa', 'Central Region'),
(35, 'Chitwan', 'Central Region'),
(36, 'Gorkha', 'Western Region'),
(37, 'Lamjung', 'Western Region'),
(38, 'Tanahu', 'Western Region'),
(39, 'Syangja', 'Western Region'),
(40, 'Kaski', 'Western Region'),
(41, 'Manang', 'Western Region'),
(42, 'Mustang', 'Western Region'),
(43, 'Myagdi', 'Western Region'),
(44, 'Parbat', 'Western Region'),
(45, 'Baglung', 'Western Region'),
(46, 'Gulmi', 'Western Region'),
(47, 'Palpa', 'Western Region'),
(48, 'Nawalparasi', 'Western Region'),
(49, 'Rupandehi', 'Western Region'),
(50, 'Kapilbastu', 'Western Region'),
(51, 'Arghakhanchi', 'Western Region'),
(52, 'Pyuthan', 'Mid-Western Region'),
(53, 'Rolpa', 'Mid-Western Region'),
(54, 'Rukum', 'Mid-Western Region'),
(55, 'Salyan', 'Mid-Western Region'),
(56, 'Dang', 'Mid-Western Region'),
(57, 'Banke', 'Mid-Western Region'),
(58, 'Bardiya', 'Mid-Western Region'),
(59, 'Surkhet', 'Mid-Western Region'),
(60, 'Dailekh', 'Mid-Western Region'),
(61, 'Jajarkot', 'Mid-Western Region'),
(62, 'Dolpa', 'Mid-Western Region'),
(63, 'Jumla', 'Mid-Western Region'),
(64, 'Kalikot', 'Mid-Western Region'),
(65, 'Mugu', 'Mid-Western Region'),
(66, 'Humla', 'Mid-Western Region'),
(67, 'Bajura', 'Far-Western Region'),
(68, 'Bajhang', 'Far-Western Region'),
(69, 'Achham', 'Far-Western Region'),
(70, 'Doti', 'Far-Western Region'),
(71, 'Kailali', 'Far-Western Region'),
(72, 'Kanchanpur', 'Far-Western Region'),
(73, 'Dadeldhura', 'Far-Western Region'),
(74, 'Baitadi', 'Far-Western Region'),
(75, 'Darchula', 'Far-Western Region');

-- --------------------------------------------------------

--
-- Table structure for table `fundings`
--

CREATE TABLE IF NOT EXISTS `fundings` (
  `id` int(11) NOT NULL AUTO_INCREMENT,
  `project_name` varchar(50) CHARACTER SET utf8 COLLATE utf8_unicode_ci NOT NULL,
  `organization` varchar(30) CHARACTER SET utf8 COLLATE utf8_unicode_ci NOT NULL,
  `vdc_code` int(11) NOT NULL,
  `start_date` date NOT NULL,
  `end_date` date NOT NULL,
  `status` varchar(15) CHARACTER SET utf8 COLLATE utf8_unicode_ci NOT NULL,
  `total_cost` float NOT NULL,
  `commitment_amount` float NOT NULL,
  `project_description` text CHARACTER SET utf8 COLLATE utf8_unicode_ci NOT NULL,
  PRIMARY KEY (`id`)
) ENGINE=InnoDB  DEFAULT CHARSET=latin1 AUTO_INCREMENT=5 ;

--
-- Dumping data for table `fundings`
--

INSERT INTO `fundings` (`id`, `project_name`, `organization`, `vdc_code`, `start_date`, `end_date`, `status`, `total_cost`, `commitment_amount`, `project_description`) VALUES
(1, 'Strengthening the National Rural Transport Program', 'The World Bank', 12041, '2013-12-23', '2015-07-15', 'active', 175400000, 100000000, 'http://www.worldbank.org/projects/P132750?lang=en'),
(2, 'Education for All', 'The World Bank', 12050, '2004-07-08', '2010-01-31', 'closed', 664000000, 50000000, 'http://www.worldbank.org/projects/P081968/poverty-alleviation-fund-project?lang=en'),
(3, 'Poverty Alleviation Fund', 'The World Bank', 11001, '2004-06-01', '2009-02-01', 'closed', 16600000, 15000000, 'The Poverty Alleviation Fund Project''s development objective is to support Nepal in implementing a new, targeted instrument - the Poverty Alleviation Fund (PAF) - for reaching poor and excluded communities. http://www.worldbank.org/projects/P081968/poverty-alleviation-fund-project?lang=en');

-- --------------------------------------------------------

--
-- Table structure for table `literacy`
--

CREATE TABLE IF NOT EXISTS `literacy` (
  `id` int(5) NOT NULL AUTO_INCREMENT,
  `district_code` int(2) NOT NULL,
  `year` int(4) NOT NULL,
  `sex` varchar(6) NOT NULL,
  `pop_above5` int(11) NOT NULL,
  `pop_rw` int(11) NOT NULL,
  `pop_r` int(11) NOT NULL,
  `pop_nrw` int(11) NOT NULL,
  `not_stated` int(11) NOT NULL,
  PRIMARY KEY (`id`)
) ENGINE=InnoDB  DEFAULT CHARSET=latin1 AUTO_INCREMENT=151 ;

--
-- Dumping data for table `literacy`
--

INSERT INTO `literacy` (`id`, `district_code`, `year`, `sex`, `pop_above5`, `pop_rw`, `pop_r`, `pop_nrw`, `not_stated`) VALUES
(1, 1, 2012, 'Female', 60490, 38803, 1620, 20037, 30),
(2, 2, 2012, 'Female', 93077, 61226, 2929, 28876, 46),
(3, 3, 2012, 'Female', 139094, 100215, 3283, 35509, 87),
(4, 4, 2012, 'Female', 394198, 270608, 6748, 116708, 134),
(5, 5, 2012, 'Female', 456931, 288442, 9181, 159055, 253),
(6, 6, 2012, 'Female', 358841, 217063, 7466, 134131, 181),
(7, 7, 2012, 'Female', 79767, 53773, 1666, 24309, 19),
(8, 8, 2012, 'Female', 49959, 33492, 1040, 15401, 26),
(9, 9, 2012, 'Female', 76009, 47275, 2072, 26552, 110),
(10, 10, 2012, 'Female', 87661, 53809, 2191, 31634, 27),
(11, 11, 2012, 'Female', 49670, 27662, 1535, 20450, 23),
(12, 12, 2012, 'Female', 72409, 40556, 2000, 29835, 18),
(13, 13, 2012, 'Female', 99013, 60492, 3291, 35142, 88),
(14, 14, 2012, 'Female', 152299, 93618, 3917, 54717, 47),
(15, 15, 2012, 'Female', 294562, 125385, 9064, 159687, 426),
(16, 16, 2012, 'Female', 293566, 115081, 8019, 169563, 903),
(17, 17, 2012, 'Female', 339145, 136444, 11816, 189351, 1534),
(18, 18, 2012, 'Female', 281254, 102810, 6972, 170409, 1063),
(19, 19, 2012, 'Female', 337339, 123477, 9593, 203901, 368),
(20, 20, 2012, 'Female', 138945, 72385, 4196, 62258, 106),
(21, 21, 2012, 'Female', 101262, 54147, 3599, 43386, 130),
(22, 22, 2012, 'Female', 91756, 49249, 3350, 39047, 110),
(23, 23, 2012, 'Female', 137742, 71459, 3961, 62189, 133),
(24, 24, 2012, 'Female', 185513, 113012, 5118, 67192, 191),
(25, 25, 2012, 'Female', 216037, 161419, 4391, 50042, 185),
(26, 26, 2012, 'Female', 140570, 102131, 2806, 35530, 103),
(27, 27, 2012, 'Female', 779154, 621495, 14135, 143109, 415),
(28, 28, 2012, 'Female', 134068, 70261, 4552, 59002, 253),
(29, 29, 2012, 'Female', 19980, 9291, 570, 10083, 36),
(30, 30, 2012, 'Female', 163552, 91097, 3980, 68333, 142),
(31, 31, 2012, 'Female', 195049, 118185, 5017, 71758, 89),
(32, 32, 2012, 'Female', 295052, 94496, 11006, 188636, 914),
(33, 33, 2012, 'Female', 297756, 121103, 9075, 167274, 304),
(34, 34, 2012, 'Female', 255126, 111964, 7486, 135297, 379),
(35, 35, 2012, 'Female', 280489, 198244, 5633, 76434, 178),
(36, 36, 2012, 'Female', 138584, 82370, 3371, 52765, 78),
(37, 37, 2012, 'Female', 84890, 53760, 2234, 28833, 63),
(38, 38, 2012, 'Female', 166166, 112877, 3262, 49846, 181),
(39, 39, 2012, 'Female', 151685, 105503, 2496, 43565, 121),
(40, 40, 2012, 'Female', 238368, 179621, 3997, 54618, 132),
(41, 41, 2012, 'Female', 2680, 1721, 20, 939, 0),
(42, 42, 2012, 'Female', 5912, 3300, 166, 2443, 3),
(43, 43, 2012, 'Female', 56421, 36379, 1414, 18590, 38),
(44, 44, 2012, 'Female', 74749, 49621, 1659, 23412, 57),
(45, 45, 2012, 'Female', 137278, 89625, 3555, 43984, 114),
(46, 46, 2012, 'Female', 145742, 96102, 2647, 46942, 51),
(47, 47, 2012, 'Female', 133688, 92935, 3462, 37202, 89),
(48, 48, 2012, 'Female', 312978, 196418, 6508, 109847, 205),
(49, 49, 2012, 'Female', 409779, 249086, 9611, 150502, 580),
(50, 50, 2012, 'Female', 255282, 114788, 9325, 130856, 313),
(51, 51, 2012, 'Female', 101607, 66851, 2189, 32466, 101),
(52, 52, 2012, 'Female', 113418, 66502, 2402, 44465, 49),
(53, 53, 2012, 'Female', 107387, 54211, 3374, 49732, 70),
(54, 54, 2012, 'Female', 97296, 52460, 2636, 42138, 62),
(55, 55, 2012, 'Female', 112899, 62284, 3981, 46400, 234),
(56, 56, 2012, 'Female', 265388, 166614, 5340, 93221, 213),
(57, 57, 2012, 'Female', 223092, 122584, 5964, 94219, 325),
(58, 58, 2012, 'Female', 202474, 117331, 4009, 81067, 67),
(59, 59, 2012, 'Female', 162340, 105385, 4802, 52066, 87),
(60, 60, 2012, 'Female', 117493, 62105, 3974, 51345, 69),
(61, 61, 2012, 'Female', 73211, 35651, 3064, 34452, 44),
(62, 62, 2012, 'Female', 16010, 6503, 614, 8879, 14),
(63, 63, 2012, 'Female', 46590, 19029, 1667, 25871, 23),
(64, 64, 2012, 'Female', 57573, 26326, 2551, 28633, 63),
(65, 65, 2012, 'Female', 22998, 8492, 1096, 13381, 29),
(66, 66, 2012, 'Female', 21293, 7026, 566, 13682, 19),
(67, 67, 2012, 'Female', 59817, 25917, 1559, 32321, 20),
(68, 68, 2012, 'Female', 89123, 35753, 2898, 50408, 64),
(69, 69, 2012, 'Female', 119537, 51249, 4625, 63470, 193),
(70, 70, 2012, 'Female', 99471, 42115, 3307, 53891, 158),
(71, 71, 2012, 'Female', 361229, 206086, 10317, 144667, 159),
(72, 72, 2012, 'Female', 213952, 130556, 4706, 78614, 76),
(73, 73, 2012, 'Female', 67121, 35535, 1719, 29814, 53),
(74, 74, 2012, 'Female', 117869, 58018, 3148, 56603, 100),
(75, 75, 2012, 'Female', 61732, 32646, 1556, 27506, 24),
(76, 1, 2012, 'Male', 54077, 42880, 1534, 9644, 19),
(77, 2, 2012, 'Male', 81486, 65471, 2586, 13407, 22),
(78, 3, 2012, 'Male', 130666, 109964, 3084, 17548, 70),
(79, 4, 2012, 'Male', 349759, 288007, 6299, 55364, 89),
(80, 5, 2012, 'Male', 423298, 333245, 8339, 81549, 165),
(81, 6, 2012, 'Male', 336594, 259040, 6421, 71024, 109),
(82, 7, 2012, 'Male', 69168, 56991, 1280, 10885, 12),
(83, 8, 2012, 'Male', 42507, 35504, 965, 6026, 12),
(84, 9, 2012, 'Male', 67469, 52267, 1966, 13190, 46),
(85, 10, 2012, 'Male', 76971, 60340, 1954, 14660, 17),
(86, 11, 2012, 'Male', 46224, 33922, 1523, 10762, 17),
(87, 12, 2012, 'Male', 61577, 45770, 1764, 14033, 10),
(88, 13, 2012, 'Male', 86695, 67334, 3024, 16272, 65),
(89, 14, 2012, 'Male', 133746, 103225, 3366, 27133, 22),
(90, 15, 2012, 'Male', 281465, 188539, 8166, 84505, 255),
(91, 16, 2012, 'Male', 274767, 169956, 7752, 96548, 511),
(92, 17, 2012, 'Male', 340300, 206250, 10973, 121992, 1085),
(93, 18, 2012, 'Male', 275017, 155532, 6858, 111795, 832),
(94, 19, 2012, 'Male', 345544, 192691, 9620, 143011, 222),
(95, 20, 2012, 'Male', 126320, 88173, 4148, 33918, 81),
(96, 21, 2012, 'Male', 85361, 62003, 3282, 20018, 58),
(97, 22, 2012, 'Male', 79064, 57989, 2629, 18400, 46),
(98, 23, 2012, 'Male', 126532, 86010, 3674, 36771, 77),
(99, 24, 2012, 'Male', 168411, 134037, 4547, 29750, 77),
(100, 25, 2012, 'Male', 222592, 200577, 3224, 18693, 98),
(101, 26, 2012, 'Male', 144259, 130526, 2090, 11589, 54),
(102, 27, 2012, 'Male', 853486, 786704, 11471, 55116, 195),
(103, 28, 2012, 'Male', 121619, 82642, 4595, 34214, 168),
(104, 29, 2012, 'Male', 19565, 11906, 586, 7065, 8),
(105, 30, 2012, 'Male', 142433, 101240, 3765, 37348, 80),
(106, 31, 2012, 'Male', 187219, 141190, 5032, 40930, 67),
(107, 32, 2012, 'Male', 310238, 157845, 11364, 140361, 668),
(108, 33, 2012, 'Male', 311464, 195448, 9270, 106556, 190),
(109, 34, 2012, 'Male', 278048, 186101, 7899, 83775, 273),
(110, 35, 2012, 'Male', 256694, 215282, 4946, 36351, 115),
(111, 36, 2012, 'Male', 109273, 82054, 2622, 24558, 39),
(112, 37, 2012, 'Male', 68736, 55491, 1557, 11666, 22),
(113, 38, 2012, 'Male', 129445, 108317, 2385, 18673, 70),
(114, 39, 2012, 'Male', 113340, 97531, 1827, 13937, 45),
(115, 40, 2012, 'Male', 216624, 195181, 3018, 18365, 60),
(116, 41, 2012, 'Male', 3481, 2890, 21, 570, 0),
(117, 42, 2012, 'Male', 6676, 5034, 139, 1502, 1),
(118, 43, 2012, 'Male', 45372, 36781, 956, 7617, 18),
(119, 44, 2012, 'Male', 58306, 48636, 1373, 8253, 44),
(120, 45, 2012, 'Male', 103827, 83675, 2624, 17485, 43),
(121, 46, 2012, 'Male', 106310, 86799, 2089, 17393, 29),
(122, 47, 2012, 'Male', 103503, 87853, 2428, 13185, 37),
(123, 48, 2012, 'Male', 274920, 219593, 5526, 49675, 126),
(124, 49, 2012, 'Male', 390651, 309480, 8722, 72134, 315),
(125, 50, 2012, 'Male', 253216, 164431, 9120, 79443, 222),
(126, 51, 2012, 'Male', 75231, 61509, 1658, 12029, 35),
(127, 52, 2012, 'Male', 85054, 66499, 1866, 16663, 26),
(128, 53, 2012, 'Male', 88582, 63379, 2712, 22449, 42),
(129, 54, 2012, 'Male', 86955, 61936, 2126, 22856, 37),
(130, 55, 2012, 'Male', 101916, 75292, 3427, 23120, 77),
(131, 56, 2012, 'Male', 233721, 184354, 4579, 44648, 140),
(132, 57, 2012, 'Male', 219393, 153486, 5455, 60252, 200),
(133, 58, 2012, 'Male', 185149, 136153, 3259, 45705, 32),
(134, 59, 2012, 'Male', 149173, 122382, 3662, 23084, 45),
(135, 60, 2012, 'Male', 108973, 79374, 3472, 26093, 34),
(136, 61, 2012, 'Male', 72824, 47988, 2779, 22026, 31),
(137, 62, 2012, 'Male', 15795, 10719, 506, 4559, 11),
(138, 63, 2012, 'Male', 47370, 32326, 1517, 13508, 19),
(139, 64, 2012, 'Male', 57732, 39197, 2587, 15911, 37),
(140, 65, 2012, 'Male', 23671, 15426, 1074, 7154, 17),
(141, 66, 2012, 'Male', 22169, 13759, 620, 7777, 13),
(142, 67, 2012, 'Male', 56160, 38662, 1288, 16193, 17),
(143, 68, 2012, 'Male', 78875, 57570, 2495, 18774, 36),
(144, 69, 2012, 'Male', 101551, 71796, 3878, 25759, 118),
(145, 70, 2012, 'Male', 81673, 59956, 2653, 18992, 72),
(146, 71, 2012, 'Male', 340202, 259090, 8503, 72531, 78),
(147, 72, 2012, 'Male', 193331, 157270, 3947, 32074, 40),
(148, 73, 2012, 'Male', 57805, 46049, 1506, 10225, 25),
(149, 74, 2012, 'Male', 101046, 79836, 2541, 18616, 53),
(150, 75, 2012, 'Male', 55418, 43927, 1195, 10278, 18);

-- --------------------------------------------------------

--
-- Table structure for table `poverty`
--

CREATE TABLE IF NOT EXISTS `poverty` (
  `id` int(11) NOT NULL AUTO_INCREMENT,
  `district_code` int(2) NOT NULL,
  `year` int(4) NOT NULL,
  `population` int(11) NOT NULL,
  `poverty_incidence` float NOT NULL,
  `stderr_incidence` float NOT NULL,
  `poverty_gap` float NOT NULL,
  `stderr_gap` float NOT NULL,
  `poverty_severity` float NOT NULL,
  `stderr_severity` float NOT NULL,
  PRIMARY KEY (`id`)
) ENGINE=InnoDB  DEFAULT CHARSET=latin1 AUTO_INCREMENT=76 ;

--
-- Dumping data for table `poverty`
--

INSERT INTO `poverty` (`id`, `district_code`, `year`, `population`, `poverty_incidence`, `stderr_incidence`, `poverty_gap`, `stderr_gap`, `poverty_severity`, `stderr_severity`) VALUES
(1, 1, 2011, 126404, 0.27, 0.034, 0.055, 0.01, 0.017, 0.004),
(2, 2, 2011, 190394, 0.114, 0.02, 0.019, 0.004, 0.005, 0.001),
(3, 3, 2011, 287734, 0.073, 0.011, 0.012, 0.002, 0.003, 0.001),
(4, 4, 2011, 807308, 0.106, 0.011, 0.019, 0.003, 0.005, 0.001),
(5, 5, 2011, 958579, 0.165, 0.011, 0.033, 0.003, 0.01, 0.001),
(6, 6, 2011, 750319, 0.12, 0.014, 0.022, 0.004, 0.006, 0.001),
(7, 7, 2011, 161288, 0.159, 0.019, 0.029, 0.005, 0.008, 0.002),
(8, 8, 2011, 100805, 0.146, 0.02, 0.025, 0.005, 0.007, 0.002),
(9, 9, 2011, 158139, 0.21, 0.031, 0.041, 0.008, 0.012, 0.003),
(10, 10, 2011, 181203, 0.244, 0.028, 0.048, 0.007, 0.014, 0.003),
(11, 11, 2011, 105080, 0.257, 0.03, 0.057, 0.009, 0.019, 0.004),
(12, 12, 2011, 146782, 0.205, 0.023, 0.041, 0.006, 0.012, 0.002),
(13, 13, 2011, 205176, 0.25, 0.027, 0.05, 0.007, 0.015, 0.003),
(14, 14, 2011, 315251, 0.259, 0.022, 0.058, 0.007, 0.019, 0.003),
(15, 15, 2011, 637071, 0.395, 0.019, 0.1, 0.008, 0.036, 0.004),
(16, 16, 2011, 634844, 0.346, 0.019, 0.08, 0.007, 0.027, 0.003),
(17, 17, 2011, 752253, 0.231, 0.018, 0.046, 0.005, 0.014, 0.002),
(18, 18, 2011, 621023, 0.162, 0.029, 0.035, 0.009, 0.011, 0.004),
(19, 19, 2011, 765959, 0.177, 0.018, 0.036, 0.005, 0.011, 0.002),
(20, 20, 2011, 292988, 0.383, 0.031, 0.099, 0.012, 0.036, 0.006),
(21, 21, 2011, 201202, 0.256, 0.023, 0.056, 0.007, 0.018, 0.003),
(22, 22, 2011, 184931, 0.26, 0.03, 0.057, 0.009, 0.018, 0.004),
(23, 23, 2011, 285652, 0.254, 0.031, 0.054, 0.009, 0.017, 0.004),
(24, 24, 2011, 375040, 0.139, 0.019, 0.025, 0.005, 0.007, 0.002),
(25, 25, 2011, 453466, 0.076, 0.008, 0.015, 0.002, 0.005, 0.001),
(26, 26, 2011, 296705, 0.125, 0.014, 0.029, 0.004, 0.01, 0.002),
(27, 27, 2011, 1688131, 0.076, 0.006, 0.015, 0.002, 0.005, 0.001),
(28, 28, 2011, 275344, 0.203, 0.019, 0.042, 0.005, 0.013, 0.002),
(29, 29, 2011, 42125, 0.316, 0.043, 0.072, 0.015, 0.024, 0.006),
(30, 30, 2011, 333978, 0.188, 0.018, 0.038, 0.005, 0.012, 0.002),
(31, 31, 2011, 414476, 0.279, 0.02, 0.073, 0.008, 0.027, 0.004),
(32, 32, 2011, 680659, 0.334, 0.018, 0.083, 0.006, 0.029, 0.003),
(33, 33, 2011, 680094, 0.299, 0.019, 0.072, 0.007, 0.025, 0.003),
(34, 34, 2011, 592108, 0.292, 0.02, 0.071, 0.007, 0.025, 0.003),
(35, 35, 2011, 567992, 0.089, 0.011, 0.017, 0.003, 0.005, 0.001),
(36, 36, 2011, 268862, 0.204, 0.039, 0.049, 0.011, 0.018, 0.005),
(37, 37, 2011, 166141, 0.168, 0.033, 0.039, 0.009, 0.013, 0.004),
(38, 38, 2011, 320532, 0.148, 0.028, 0.033, 0.008, 0.011, 0.003),
(39, 39, 2011, 288097, 0.118, 0.027, 0.024, 0.007, 0.007, 0.002),
(40, 40, 2011, 480851, 0.04, 0.011, 0.008, 0.003, 0.003, 0.001),
(41, 41, 2011, 5827, 0.369, 0.056, 0.099, 0.02, 0.038, 0.009),
(42, 42, 2011, 11585, 0.4, 0.055, 0.109, 0.02, 0.042, 0.009),
(43, 43, 2011, 109598, 0.286, 0.044, 0.073, 0.015, 0.027, 0.007),
(44, 44, 2011, 145657, 0.127, 0.029, 0.025, 0.007, 0.008, 0.002),
(45, 45, 2011, 266622, 0.229, 0.04, 0.053, 0.012, 0.018, 0.005),
(46, 46, 2011, 279005, 0.256, 0.048, 0.059, 0.015, 0.02, 0.006),
(47, 47, 2011, 258842, 0.216, 0.038, 0.052, 0.012, 0.018, 0.005),
(48, 48, 2011, 638836, 0.17, 0.031, 0.038, 0.009, 0.013, 0.003),
(49, 49, 2011, 873314, 0.173, 0.029, 0.041, 0.009, 0.014, 0.004),
(50, 50, 2011, 568692, 0.355, 0.052, 0.089, 0.018, 0.032, 0.008),
(51, 51, 2011, 196873, 0.288, 0.05, 0.069, 0.016, 0.024, 0.007),
(52, 52, 2011, 226128, 0.322, 0.087, 0.079, 0.029, 0.028, 0.012),
(53, 53, 2011, 221170, 0.26, 0.087, 0.056, 0.025, 0.018, 0.009),
(54, 54, 2011, 207279, 0.263, 0.092, 0.058, 0.026, 0.019, 0.01),
(55, 55, 2011, 241685, 0.288, 0.088, 0.063, 0.026, 0.021, 0.01),
(56, 56, 2011, 547926, 0.251, 0.08, 0.059, 0.026, 0.02, 0.011),
(57, 57, 2011, 484592, 0.264, 0.073, 0.066, 0.025, 0.024, 0.011),
(58, 58, 2011, 422812, 0.287, 0.082, 0.071, 0.026, 0.025, 0.011),
(59, 59, 2011, 343160, 0.305, 0.085, 0.075, 0.029, 0.026, 0.012),
(60, 60, 2011, 260826, 0.358, 0.1, 0.088, 0.034, 0.031, 0.014),
(61, 61, 2011, 170090, 0.377, 0.104, 0.09, 0.035, 0.031, 0.014),
(62, 62, 2011, 36110, 0.428, 0.106, 0.11, 0.039, 0.04, 0.017),
(63, 63, 2011, 107395, 0.49, 0.113, 0.131, 0.045, 0.049, 0.021),
(64, 64, 2011, 135939, 0.579, 0.101, 0.168, 0.047, 0.066, 0.023),
(65, 65, 2011, 54789, 0.471, 0.115, 0.125, 0.045, 0.047, 0.021),
(66, 66, 2011, 49914, 0.56, 0.103, 0.166, 0.048, 0.067, 0.024),
(67, 67, 2011, 134062, 0.641, 0.105, 0.199, 0.055, 0.082, 0.029),
(68, 68, 2011, 194515, 0.568, 0.112, 0.162, 0.05, 0.063, 0.024),
(69, 69, 2011, 256102, 0.472, 0.102, 0.127, 0.04, 0.047, 0.018),
(70, 70, 2011, 206671, 0.489, 0.101, 0.135, 0.042, 0.052, 0.02),
(71, 71, 2011, 765487, 0.336, 0.091, 0.084, 0.031, 0.03, 0.013),
(72, 72, 2011, 447645, 0.314, 0.08, 0.08, 0.028, 0.029, 0.012),
(73, 73, 2011, 140779, 0.433, 0.101, 0.118, 0.039, 0.045, 0.018),
(74, 74, 2011, 250065, 0.457, 0.101, 0.123, 0.039, 0.046, 0.018),
(75, 75, 2011, 132081, 0.53, 0.109, 0.152, 0.048, 0.059, 0.024);

-- --------------------------------------------------------

--
-- Table structure for table `vdc`
--

CREATE TABLE IF NOT EXISTS `vdc` (
  `vdc_id` int(5) NOT NULL AUTO_INCREMENT,
  `vdc_name` varchar(30) NOT NULL,
  `district_id` int(2) NOT NULL,
  PRIMARY KEY (`vdc_id`)
) ENGINE=InnoDB  DEFAULT CHARSET=latin1 AUTO_INCREMENT=75042 ;

--
-- Dumping data for table `vdc`
--

INSERT INTO `vdc` (`vdc_id`, `vdc_name`, `district_id`) VALUES
(1001, 'Ambegudin', 1),
(1002, 'Ankhop', 1),
(1003, 'Chaksibote', 1),
(1004, 'Change', 1),
(1005, 'Dhungesaghu', 1),
(1006, 'Dokhu', 1),
(1007, 'Dummrise', 1),
(1008, 'Ekhabu', 1),
(1009, 'Hangdeva', 1),
(1010, 'Hangpang', 1),
(1011, 'Kalikhola', 1),
(1012, 'Khamlung', 1),
(1013, 'Khejenim', 1),
(1014, 'Khewang', 1),
(1015, 'Khokling', 1),
(1016, 'Lelep', 1),
(1017, 'Limbudin', 1),
(1018, 'Lingtep', 1),
(1019, 'Linkhim', 1),
(1020, 'Liwang', 1),
(1021, 'Mamankhe', 1),
(1022, 'Mehele', 1),
(1023, 'Nalbu', 1),
(1024, 'Nankholyang', 1),
(1025, 'Nidhuradin', 1),
(1026, 'Olangchunggola', 1),
(1027, 'Papung', 1),
(1028, 'Pedang', 1),
(1029, 'Phakumba', 1),
(1030, 'Phawakhola', 1),
(1031, 'Phulbari', 1),
(1032, 'Phungling', 1),
(1033, 'Phurumbu', 1),
(1034, 'Sadewa', 1),
(1035, 'Sangu', 1),
(1036, 'Santhakra', 1),
(1037, 'Sanwa', 1),
(1038, 'Sawadin', 1),
(1039, 'Sawalakhu', 1),
(1040, 'Sikaicha', 1),
(1041, 'Sinam', 1),
(1042, 'Surumakhim', 1),
(1043, 'Tapethok', 1),
(1044, 'Tellok', 1),
(1045, 'Thechambu', 1),
(1046, 'Thinglabu', 1),
(1047, 'Thukima', 1),
(1048, 'Thumbedin', 1),
(1049, 'Tiringe', 1),
(1050, 'Yamfudin', 1),
(2001, 'Aangna', 2),
(2002, 'Aangsarang', 2),
(2003, 'Aarubote', 2),
(2004, 'Amarpur', 2),
(2005, 'Bharapa', 2),
(2006, 'Chilingdin', 2),
(2007, 'Chokmagu', 2),
(2008, 'Chyangthapu', 2),
(2009, 'Durdimba', 2),
(2010, 'Ekteen', 2),
(2011, 'Embung', 2),
(2012, 'Falaicha', 2),
(2013, 'Hangum', 2),
(2014, 'Kurumba', 2),
(2015, 'Limba', 2),
(2016, 'Lungrupa', 2),
(2017, 'Luwamfu', 2),
(2018, 'Mangjabung', 2),
(2019, 'Mauwa', 2),
(2020, 'Memeng', 2),
(2021, 'Nagi', 2),
(2022, 'Nangeen', 2),
(2023, 'Nawamidanda', 2),
(2024, 'Olane', 2),
(2025, 'Oyam', 2),
(2026, 'Panchami', 2),
(2027, 'Pauwasartap', 2),
(2028, 'Phaktep', 2),
(2029, 'Phidim', 2),
(2030, 'Prangbung', 2),
(2031, 'Rabi', 2),
(2032, 'Ranigaun', 2),
(2033, 'Ranitar', 2),
(2034, 'Sarangdanda', 2),
(2035, 'Sidin', 2),
(2036, 'Siwa', 2),
(2037, 'Sumang', 2),
(2038, 'Syangrumba', 2),
(2039, 'Tharpu', 2),
(2040, 'Yanganam', 2),
(2041, 'Yasok', 2),
(3001, 'Amchok', 3),
(3002, 'Bajho', 3),
(3003, 'Barbote', 3),
(3004, 'Chameta', 3),
(3005, 'Chisapani', 3),
(3006, 'Chulachuli', 3),
(3007, 'Danabari', 3),
(3008, 'Dhuseni', 3),
(3009, 'Ebhang', 3),
(3010, 'Ektappa', 3),
(3011, 'Erautar', 3),
(3012, 'Gajurmukhi', 3),
(3013, 'Goduk', 3),
(3014, 'Gorkhe', 3),
(3015, 'Ilam Municipality', 3),
(3016, 'Jamuna', 3),
(3017, 'Jirmale', 3),
(3018, 'Jitpur', 3),
(3019, 'Jogmai', 3),
(3020, 'Kanyam', 3),
(3021, 'Kolbung', 3),
(3022, 'Laxmipur', 3),
(3023, 'Lumde', 3),
(3024, 'Mabu', 3),
(3025, 'Mahamai', 3),
(3026, 'Maimajhuwa', 3),
(3027, 'Maipokhari', 3),
(3028, 'Mangalbare', 3),
(3029, 'Namsaling', 3),
(3030, 'Nayabazar', 3),
(3031, 'Panchakanya', 3),
(3032, 'Pasupatinagar', 3),
(3033, 'Phakphok', 3),
(3034, 'Phikalbazar', 3),
(3035, 'Phuyatappa', 3),
(3036, 'Puwamajhuwa', 3),
(3037, 'Pyang', 3),
(3038, 'Sakfara', 3),
(3039, 'Sakhejung', 3),
(3040, 'Samalbung', 3),
(3041, 'Sangrumba', 3),
(3042, 'Shantidanda', 3),
(3043, 'Shantipur', 3),
(3044, 'Shreeantu', 3),
(3045, 'Siddhithumka', 3),
(3046, 'Sopak', 3),
(3047, 'Soyang', 3),
(3048, 'Sulubung', 3),
(3049, 'Sumbek', 3),
(4001, 'Anarmani', 4),
(4002, 'Arjundhara', 4),
(4003, 'Bahundangi', 4),
(4004, 'Baigundhara', 4),
(4005, 'Balubari', 4),
(4006, 'Baniyani', 4),
(4007, 'Bhadrapur Municipality', 4),
(4008, 'Budhabare', 4),
(4009, 'Chakchaki', 4),
(4010, 'Chandragadhi', 4),
(4011, 'Charpane', 4),
(4012, 'Damak Municipality', 4),
(4013, 'Dangibari', 4),
(4014, 'Dhaijan', 4),
(4015, 'Dharampur', 4),
(4016, 'Duwagadhi', 4),
(4017, 'Garamani', 4),
(4018, 'Gauradaha', 4),
(4019, 'Gauriganj', 4),
(4020, 'Ghailadubba', 4),
(4021, 'Gherabari', 4),
(4022, 'Goldhap', 4),
(4023, 'Haldibari', 4),
(4024, 'Jalthal', 4),
(4025, 'Juropani', 4),
(4026, 'Jyamirgadhi', 4),
(4027, 'Kechana', 4),
(4028, 'Khajurgachhi', 4),
(4029, 'Khudunabari', 4),
(4030, 'Kohabara', 4),
(4031, 'Korobari', 4),
(4032, 'Kumarkhod', 4),
(4033, 'Lakhanpur', 4),
(4034, 'Mahabhara', 4),
(4035, 'Maharanijhoda', 4),
(4036, 'Maheshpur', 4),
(4037, 'Mechinagar Municipality', 4),
(4038, 'Panchgachhi', 4),
(4039, 'Pathamari', 4),
(4040, 'Pathariya', 4),
(4041, 'Prithivinagar', 4),
(4042, 'Rajgadh', 4),
(4043, 'Sanischare', 4),
(4044, 'Satasidham', 4),
(4045, 'Shantinagar', 4),
(4046, 'Sharanamati', 4),
(4047, 'Shivaganj', 4),
(4048, 'Surunga', 4),
(4049, 'Tagandubba', 4),
(4050, 'Topgachchi', 4),
(5001, 'Amahibariyati', 5),
(5002, 'Amardaha', 5),
(5003, 'Amgachhi', 5),
(5004, 'Babiyabirta', 5),
(5005, 'Bahuni', 5),
(5006, 'Baijanathpur', 5),
(5007, 'Banigama', 5),
(5008, 'Baradanga', 5),
(5009, 'Bayarban', 5),
(5010, 'Belbari', 5),
(5011, 'Bhaudaha', 5),
(5012, 'Bhogateni', 5),
(5013, 'Biratnagar Sub Metropolitan', 5),
(5014, 'Budhanagar', 5),
(5015, 'Dadarbairiya', 5),
(5016, 'Dainiya', 5),
(5017, 'Dangihat', 5),
(5018, 'Dangraha', 5),
(5019, 'Drabesh', 5),
(5020, 'Dulari', 5),
(5021, 'Govindapur', 5),
(5022, 'Haraicha', 5),
(5023, 'Hasandaha', 5),
(5024, 'Hathimudha', 5),
(5025, 'Hoklabari', 5),
(5026, 'Indrapur', 5),
(5027, 'Itahara', 5),
(5028, 'Jante', 5),
(5029, 'Jhorahat', 5),
(5030, 'Jhurkiya', 5),
(5031, 'Kaseni', 5),
(5032, 'Katahari', 5),
(5033, 'Kathamaha', 5),
(5034, 'Kerabari', 5),
(5035, 'Keroun', 5),
(5036, 'Lakhantari', 5),
(5037, 'Letang', 5),
(5038, 'Madhumalla', 5),
(5039, 'Mahadewa', 5),
(5040, 'Majhare', 5),
(5041, 'Matigachha', 5),
(5042, 'Motipur', 5),
(5043, 'Mrigauliya', 5),
(5044, 'Necha', 5),
(5045, 'Pathari', 5),
(5046, 'Patigaun', 5),
(5047, 'Pokhariya', 5),
(5048, 'Rajghat', 5),
(5049, 'Ramitekhola', 5),
(5050, 'Rangeli', 5),
(5051, 'Sanischare', 5),
(5052, 'Sidharaha', 5),
(5053, 'Sijuwa', 5),
(5054, 'Sinhadevisombare', 5),
(5055, 'Sisabanibadahara', 5),
(5056, 'Sisawanijahada', 5),
(5057, 'Sorabhag', 5),
(5058, 'Sundarpur', 5),
(5059, 'Takuwa', 5),
(5060, 'Tandi', 5),
(5061, 'Tankisinuwari', 5),
(5062, 'Tetariya', 5),
(5063, 'Thalaha', 5),
(5064, 'Urlabari', 5),
(5065, 'Warangi', 5),
(5066, 'Yangshila', 5),
(6001, 'Aekamba', 6),
(6002, 'Amaduwa', 6),
(6003, 'Amahibelaha', 6),
(6004, 'Aurabarni', 6),
(6005, 'Babiya', 6),
(6006, 'Bakalauri', 6),
(6007, 'Barahachhetra', 6),
(6008, 'Basantapur', 6),
(6009, 'Bhadgausinawari', 6),
(6010, 'Bhaluwa', 6),
(6011, 'Bharaul', 6),
(6012, 'Bhokraha', 6),
(6013, 'Bishnupaduka', 6),
(6014, 'Chadwela', 6),
(6015, 'Chhitaha', 6),
(6016, 'Chimdi', 6),
(6017, 'Dewanganj', 6),
(6018, 'Dharan Municipality', 6),
(6019, 'Dhuskee', 6),
(6020, 'Duhabi', 6),
(6021, 'Dumaraha', 6),
(6022, 'Gautampur', 6),
(6023, 'Hanshposha', 6),
(6024, 'Harinagar', 6),
(6025, 'Haripur', 6),
(6026, 'Inaruwa Municipality', 6),
(6027, 'Ithari Municipality', 6),
(6028, 'Jalpapur', 6),
(6029, 'Kaptanganj', 6),
(6030, 'Khanar', 6),
(6031, 'Laukahi', 6),
(6032, 'Madhelee', 6),
(6033, 'Madhesa', 6),
(6034, 'Madhuwan', 6),
(6035, 'Madhyeharsahi', 6),
(6036, 'Mahendranagar', 6),
(6037, 'Narshinhatappu', 6),
(6038, 'Pakali', 6),
(6039, 'Panchakanya', 6),
(6040, 'Paschimkasuha', 6),
(6041, 'Prakashpur', 6),
(6042, 'Purbakushaha', 6),
(6043, 'Ramganjbelgachhi', 6),
(6044, 'Ramganjsenuwari', 6),
(6045, 'Ramnagarbhutaha', 6),
(6046, 'Sahebganj', 6),
(6047, 'Santerjhora', 6),
(6048, 'Simariya', 6),
(6049, 'Singiya', 6),
(6050, 'Sonapur', 6),
(6051, 'Sripurjabdi', 6),
(6052, 'Tanamuna', 6),
(7001, 'Ahale', 7),
(7002, 'Ankhisalla', 7),
(7003, 'Arkhaulejitpur', 7),
(7004, 'Basantatar', 7),
(7005, 'Belhara', 7),
(7006, 'Bhirgaun', 7),
(7007, 'Bodhe', 7),
(7008, 'Budhabare', 7),
(7009, 'Budimorang', 7),
(7010, 'Chanuwa', 7),
(7011, 'Chhintang', 7),
(7012, 'Chungwang', 7),
(7013, 'Dandabazar', 7),
(7014, 'Dandagaun', 7),
(7015, 'Dhankuta Municipality', 7),
(7016, 'Faksib', 7),
(7017, 'Falate', 7),
(7018, 'Ghorlikharka', 7),
(7019, 'Hathikharka', 7),
(7020, 'Khoku', 7),
(7021, 'Khuwafok', 7),
(7022, 'Kurule', 7),
(7023, 'Leguwa', 7),
(7024, 'Mahabharat', 7),
(7025, 'Marekkatahare', 7),
(7026, 'Mounabudhuk', 7),
(7027, 'Mudebas', 7),
(7028, 'Muga', 7),
(7029, 'Murtidhunga', 7),
(7030, 'Pakhribas', 7),
(7031, 'Parewadin', 7),
(7032, 'Rajarani', 7),
(7033, 'Sanne', 7),
(7034, 'Tankhuwa', 7),
(7035, 'Telia', 7),
(7036, 'Vedetar', 7),
(8001, 'Ambung', 8),
(8002, 'Angdeem', 8),
(8003, 'Basantapur', 8),
(8004, 'Chhatedhunga', 8),
(8005, 'Chuhandanda', 8),
(8006, 'Dangapa', 8),
(8007, 'Eseebu', 8),
(8008, 'Ewa', 8),
(8009, 'Hamarjung', 8),
(8010, 'Hwaku', 8),
(8011, 'Jaljale', 8),
(8012, 'Jirikhinti', 8),
(8013, 'Khamlalung', 8),
(8014, 'Morahang', 8),
(8015, 'Myanglung', 8),
(8016, 'Okhare', 8),
(8017, 'Oyakjung', 8),
(8018, 'Panchakanyapokhari', 8),
(8019, 'Phakchamara', 8),
(8020, 'Phulek', 8),
(8021, 'Piple', 8),
(8022, 'Pouthak', 8),
(8023, 'Sabla', 8),
(8024, 'Samdu', 8),
(8025, 'Sankrantibazar', 8),
(8026, 'Shreejung', 8),
(8027, 'Simle', 8),
(8028, 'Solma', 8),
(8029, 'Sudap', 8),
(8030, 'Sungnam', 8),
(8031, 'Tamfula', 8),
(8032, 'Thoklung', 8),
(9001, 'Ankhibhui', 9),
(9002, 'Bahrabise', 9),
(9003, 'Bala', 9),
(9004, 'Bana', 9),
(9005, 'Baneswor', 9),
(9006, 'Chainpur', 9),
(9007, 'Chepuwa', 9),
(9008, 'Dhupu', 9),
(9009, 'Diding', 9),
(9010, 'Hatiya', 9),
(9011, 'Jaljala', 9),
(9012, 'Keemathnka', 9),
(9013, 'Khandbari Municipality', 9),
(9014, 'Kharang', 9),
(9015, 'Madimulkharka', 9),
(9016, 'Madirambeni', 9),
(9017, 'Makalu', 9),
(9018, 'Mamling', 9),
(9019, 'Mangtewa', 9),
(9020, 'Matsyapokhari', 9),
(9021, 'Mawadin', 9),
(9022, 'Num', 9),
(9023, 'Nundhaki', 9),
(9024, 'Pathibhara', 9),
(9025, 'Pawakhola', 9),
(9026, 'Sabhapokhari', 9),
(9027, 'Siddhakali', 9),
(9028, 'Siddhapokhari', 9),
(9029, 'Sisuwakhola', 9),
(9030, 'Sitalpati', 9),
(9031, 'Syabun', 9),
(9032, 'Tamafok', 9),
(9033, 'Tamku', 9),
(9034, 'Yafu', 9),
(10001, 'Aamtep', 10),
(10002, 'Annapurna', 10),
(10003, 'Baikuntha', 10),
(10004, 'Basikhola', 10),
(10005, 'Basingtharpur', 10),
(10006, 'Basteem', 10),
(10007, 'Bhaisipankha', 10),
(10008, 'Bhojpur', 10),
(10009, 'Bhubal(Yoon)', 10),
(10010, 'Bhulke', 10),
(10011, 'Bokhim', 10),
(10012, 'Boya', 10),
(10013, 'Champe', 10),
(10014, 'Changre', 10),
(10015, 'Charambi', 10),
(10016, 'Chaukidada', 10),
(10017, 'Chhinamakhu', 10),
(10018, 'Dalgaun', 10),
(10019, 'Deurali', 10),
(10020, 'Dewantar', 10),
(10021, 'Dhotlekhani', 10),
(10022, 'Dobhane', 10),
(10023, 'Dummana', 10),
(10024, 'Gogane', 10),
(10025, 'Gupteshwor', 10),
(10026, 'Hasanpur', 10),
(10027, 'Helauchha', 10),
(10028, 'Homtang', 10),
(10029, 'Jarayotar', 10),
(10030, 'Keemalung', 10),
(10031, 'Keurepani', 10),
(10032, 'Khairang', 10),
(10033, 'Khartimchha', 10),
(10034, 'Khatamma', 10),
(10035, 'Khawa', 10),
(10036, 'Kota', 10),
(10037, 'Kudakkaule', 10),
(10038, 'Kulunga', 10),
(10039, 'Lekharka', 10),
(10040, 'Manebhanjyang', 10),
(10041, 'Mulpani', 10),
(10042, 'Nagi', 10),
(10043, 'Nepaledada', 10),
(10044, 'Okhre', 10),
(10045, 'Pangcha', 10),
(10046, 'Patlepani', 10),
(10047, 'Pawala', 10),
(10048, 'Pyauli', 10),
(10049, 'Ranibas', 10),
(10050, 'Sangpang', 10),
(10051, 'Sanodumma', 10),
(10052, 'Shyamsila', 10),
(10053, 'Siddheswor', 10),
(10054, 'Sindrang', 10),
(10055, 'Taksar', 10),
(10056, 'Thidingkha', 10),
(10057, 'Thulodumma', 10),
(10058, 'Timma', 10),
(10059, 'Tiwaribhangyan', 10),
(10060, 'Tunggechha', 10),
(10061, 'Walangkha', 10),
(10062, 'Yaku', 10),
(10063, 'Yangpang', 10),
(11001, 'Baku', 11),
(11002, 'Basa', 11),
(11003, 'Beni', 11),
(11004, 'Bhakanje', 11),
(11005, 'Bung', 11),
(11006, 'Chaulakharka', 11),
(11007, 'Chaurikharka', 11),
(11008, 'Chheskam', 11),
(11009, 'Deusa', 11),
(11010, 'Garma', 11),
(11011, 'Goli', 11),
(11012, 'Gorakhani', 11),
(11013, 'Gudel', 11),
(11014, 'Jubing', 11),
(11015, 'Jubu', 11),
(11016, 'Kaku', 11),
(11017, 'Kangel', 11),
(11018, 'Khumjung', 11),
(11019, 'Kureng', 11),
(11020, 'Lodingtamakhani', 11),
(11021, 'Lokhim', 11),
(11022, 'Mabe(Pawai)', 11),
(11023, 'Mukali', 11),
(11024, 'Namche', 11),
(11025, 'Nechabatase', 11),
(11026, 'Nechabedghari', 11),
(11027, 'Nele', 11),
(11028, 'Panchan', 11),
(11029, 'Salleri', 11),
(11030, 'Salyan', 11),
(11031, 'Sotang', 11),
(11032, 'Takasindu', 11),
(11033, 'Tapting', 11),
(11034, 'Tingla', 11),
(12001, 'Andheri(Narayansthan)', 12),
(12002, 'Baksa', 12),
(12003, 'Balakhu', 12),
(12004, 'Barnalu', 12),
(12005, 'Baruneshwor', 12),
(12006, 'Betini', 12),
(12007, 'Bhadaure', 12),
(12008, 'Bhussinga', 12),
(12009, 'Bigutar', 12),
(12010, 'Bilandu', 12),
(12011, 'Chyanam', 12),
(12012, 'Diyale', 12),
(12013, 'Fediguth', 12),
(12014, 'Fulbari', 12),
(12015, 'Gamnangtar', 12),
(12016, 'Harkapur', 12),
(12017, 'Jantarkhani', 12),
(12018, 'Jyamire', 12),
(12019, 'Kalikadevi', 12),
(12020, 'Kaptigaun(Khigikati)', 12),
(12021, 'Katunje', 12),
(12022, 'Ketuke', 12),
(12023, 'Khijichandeshwori.', 12),
(12024, 'Khijifalate', 12),
(12025, 'Kuibhir', 12),
(12026, 'Kuntadevi', 12),
(12027, 'Madhavpur', 12),
(12028, 'Mamkha', 12),
(12029, 'Manebhanjyang', 12),
(12030, 'Moli', 12),
(12031, 'Mulkharka', 12),
(12032, 'Narmedeshwor', 12),
(12033, 'Okhaldhunga', 12),
(12034, 'Palapu', 12),
(12035, 'Palte', 12),
(12036, 'Pokali', 12),
(12037, 'Pokhare', 12),
(12038, 'Prapcha', 12),
(12039, 'Ragadeep', 12),
(12040, 'Ragani', 12),
(12041, 'Raniban', 12),
(12042, 'Ratmata', 12),
(12043, 'Rawadolu', 12),
(12044, 'Rumjatar', 12),
(12045, 'Salleri', 12),
(12046, 'Serna', 12),
(12047, 'Shreechaur', 12),
(12048, 'Singhadevi', 12),
(12049, 'Sisneri', 12),
(12050, 'Taluwa', 12),
(12051, 'Tarkerabari', 12),
(12052, 'Thakle', 12),
(12053, 'Thoksel', 12),
(12054, 'Thulachhap', 12),
(12055, 'Ubu', 12),
(12056, 'Yasam', 12),
(13001, 'Ainselukharka', 13),
(13002, 'Arkhaule', 13),
(13003, 'Badahare', 13),
(13004, 'Badakadiyale', 13),
(13005, 'Bahunidanda', 13),
(13006, 'Bakachol', 13),
(13007, 'Baksila', 13),
(13008, 'Bamrang', 13),
(13009, 'Barahapokhari', 13),
(13010, 'Baspani', 13),
(13011, 'Batase', 13),
(13012, 'Bijayakharka', 13),
(13013, 'Buipa', 13),
(13014, 'Chhitapokhari', 13),
(13015, 'Chhorambu', 13),
(13016, 'Chipring', 13),
(13017, 'Chisapani', 13),
(13018, 'Chyandada', 13),
(13019, 'Chyasmitar', 13),
(13020, 'Damarkhushivalaya', 13),
(13021, 'Dandagaun', 13),
(13022, 'Devisthan', 13),
(13023, 'Dhitung', 13),
(13024, 'Diktel', 13),
(13025, 'Dikuwa', 13),
(13026, 'Diplung', 13),
(13027, 'Dorpachiuridada', 13),
(13028, 'Dubekoldada', 13),
(13029, 'Dumredharapani', 13),
(13030, 'Durchhim', 13),
(13031, 'Faktang', 13),
(13032, 'Haunchur', 13),
(13033, 'Indranipokhari', 13),
(13034, 'Jalapa', 13),
(13035, 'Jyamire', 13),
(13036, 'Kahule', 13),
(13037, 'Khalle', 13),
(13038, 'Kharmi', 13),
(13039, 'Kharpa', 13),
(13040, 'Khartanchha', 13),
(13041, 'Khidima', 13),
(13042, 'Khotangbazar', 13),
(13043, 'Kuvinde', 13),
(13044, 'Lafyang', 13),
(13045, 'Lamidada', 13),
(13046, 'Lichkiramche', 13),
(13047, 'Linkuwapokhari', 13),
(13048, 'Magpa', 13),
(13049, 'Mahadevasthan', 13),
(13050, 'Mangaltar', 13),
(13051, 'Mattimbirta', 13),
(13052, 'Mauwabote', 13),
(13053, 'Nerpa', 13),
(13054, 'Nirmalidada', 13),
(13055, 'Nunthala', 13),
(13056, 'Patheka', 13),
(13057, 'Pauwasera', 13),
(13058, 'Phedi', 13),
(13059, 'R.Maheswori', 13),
(13060, 'Rajapani', 13),
(13061, 'Rakhabangdel', 13),
(13062, 'Rakhadipsung', 13),
(13063, 'Ratanchamajhagau', 13),
(13064, 'Ribdungjaleswor', 13),
(13065, 'Sa.Chhitapokhari', 13),
(13066, 'Salle', 13),
(13067, 'Sapteswor', 13),
(13068, 'Saunechaur', 13),
(13069, 'Sawakatahare', 13),
(13070, 'Simpani', 13),
(13071, 'Sungdel', 13),
(13072, 'Suntale', 13),
(13073, 'Temma', 13),
(13074, 'Woplukha', 13),
(13075, 'Wopung', 13),
(13076, 'Yamkha', 13),
(14001, 'Aaptar', 14),
(14002, 'Balamta', 14),
(14003, 'Baraha', 14),
(14004, 'Barai', 14),
(14005, 'Basabote', 14),
(14006, 'Bashaha', 14),
(14007, 'Beltar', 14),
(14008, 'Bhuttar', 14),
(14009, 'Chaudandi', 14),
(14010, 'Dumre', 14),
(14011, 'Hadiya', 14),
(14012, 'Hardeni', 14),
(14013, 'Iname', 14),
(14014, 'Jalpachilaune', 14),
(14015, 'Jante', 14),
(14016, 'Jogidaha', 14),
(14017, 'Katari', 14),
(14018, 'Katunjebawala', 14),
(14019, 'Khanbu', 14),
(14020, 'Laphagau', 14),
(14021, 'Lekhani', 14),
(14022, 'Lekhgau', 14),
(14023, 'Limpatar', 14),
(14024, 'Mainamiani', 14),
(14025, 'Nametar', 14),
(14026, 'Okhale', 14),
(14027, 'Pachchawati', 14),
(14028, 'Pokhari', 14),
(14029, 'Rauta', 14),
(14030, 'Risku', 14),
(14031, 'Rupatar', 14),
(14032, 'Saune', 14),
(14033, 'Shorungchabise', 14),
(14034, 'Sidhdipur', 14),
(14035, 'Sirise', 14),
(14036, 'Sundarpur', 14),
(14037, 'Tamlida', 14),
(14038, 'Tapeswori', 14),
(14039, 'Tawashree', 14),
(14040, 'Thanagau', 14),
(14041, 'Thoksila', 14),
(14042, 'Tribeni', 14),
(14043, 'Trijuga Municipality', 14),
(14044, 'Valayadanda', 14),
(14045, 'Yayankhu', 14),
(15001, 'Arnaha', 15),
(15002, 'Aurahi', 15),
(15003, 'Badgama', 15),
(15004, 'Bairawa', 15),
(15005, 'Bakdhauwa', 15),
(15006, 'Bamangamakatti', 15),
(15007, 'Banainiya', 15),
(15008, 'Banarjhula', 15),
(15009, 'Banaula', 15),
(15010, 'Banauli', 15),
(15011, 'Baramjhiya', 15),
(15012, 'Barsain(Ko.)', 15),
(15013, 'Basbalpur', 15),
(15014, 'Basbiti', 15),
(15015, 'Bathanaha', 15),
(15016, 'Belhi', 15),
(15017, 'Belhichapena', 15),
(15018, 'Bhagawatpur', 15),
(15019, 'Bhangaha', 15),
(15020, 'Bhardaha', 15),
(15021, 'Bhutahi', 15),
(15022, 'Birpurbarahi', 15),
(15023, 'Bishahariya', 15),
(15024, 'Bodebarsaien', 15),
(15025, 'Boriya', 15),
(15026, 'Brahmapur', 15),
(15027, 'Chhinnamasta', 15),
(15028, 'Dadha', 15),
(15029, 'Daulatpur', 15),
(15030, 'Deuri', 15),
(15031, 'Deurimaruwa', 15),
(15032, 'Dhanagadi', 15),
(15033, 'Dharampur', 15),
(15034, 'Dhodhanpur', 15),
(15035, 'Didhawa', 15),
(15036, 'Diman', 15),
(15037, 'Fakira', 15),
(15038, 'Farseth', 15),
(15039, 'Fatepur', 15),
(15040, 'Fulkahi', 15),
(15041, 'Gamhariyaparwaha', 15),
(15042, 'Gobargada', 15),
(15043, 'Goithi', 15),
(15044, 'Hanumannagar', 15),
(15045, 'Hardiya', 15),
(15046, 'Hariharpur', 15),
(15047, 'Haripur', 15),
(15048, 'Inarwa', 15),
(15049, 'Inarwafulpariya', 15),
(15050, 'Itaharibishnupur', 15),
(15051, 'Jagatpur', 15),
(15052, 'Jamunimadhepura', 15),
(15053, 'Jandaul', 15),
(15054, 'Jhutaki', 15),
(15055, 'Joginiya-1', 15),
(15056, 'Joginiya-2', 15),
(15057, 'Kabilash', 15),
(15058, 'Kachan', 15),
(15059, 'Kalyanpur', 15),
(15060, 'Kamalpur', 15),
(15061, 'Kanchanpur', 15),
(15062, 'Kataiya', 15),
(15063, 'Khadgapur', 15),
(15064, 'Khojpur', 15),
(15065, 'Khoksarparbaha', 15),
(15066, 'Ko.Madhepura', 15),
(15067, 'Kochabakhari', 15),
(15068, 'Koiladi', 15),
(15069, 'Kushaha', 15),
(15070, 'Lalapati', 15),
(15071, 'Launiya', 15),
(15072, 'Lohajara', 15),
(15073, 'Madhawapur', 15),
(15074, 'Madhupati', 15),
(15075, 'Mahadeva', 15),
(15076, 'Mainakaderi', 15),
(15077, 'Mainasahasrabahu', 15),
(15078, 'Malekpur', 15),
(15079, 'Maleth', 15),
(15080, 'Malhanama', 15),
(15081, 'Malhaniya', 15),
(15082, 'Manraja', 15),
(15083, 'Mauwaha', 15),
(15084, 'Mohanpur', 15),
(15085, 'Nardho', 15),
(15086, 'Negada', 15),
(15087, 'Odraha', 15),
(15088, 'Pakari', 15),
(15089, 'Pansera', 15),
(15090, 'Paterwa', 15),
(15091, 'Pato', 15),
(15092, 'Patthargada', 15),
(15093, 'Pipra(Purba)', 15),
(15094, 'Pipra(West)', 15),
(15095, 'Portaha', 15),
(15096, 'Prasabani', 15),
(15097, 'Rajbiraj Municipality', 15),
(15098, 'Ramnagar', 15),
(15099, 'Rampuramalhaniya', 15),
(15100, 'Rampurjamuwa', 15),
(15101, 'Rautahat', 15),
(15102, 'Rayapur', 15),
(15103, 'Rupnagar', 15),
(15104, 'Sambhunath', 15),
(15105, 'Sankarpura', 15),
(15106, 'Saraswor', 15),
(15107, 'Simrahasigiyoun', 15),
(15108, 'Siswabeihi', 15),
(15109, 'Sitapur', 15),
(15110, 'Tarahi', 15),
(15111, 'Terahota', 15),
(15112, 'Theliya', 15),
(15113, 'Tikuliya', 15),
(15114, 'Tilathi', 15),
(15115, 'Trikola', 15),
(16001, 'Arnamalalpur', 16),
(16002, 'Arnamarampur', 16),
(16003, 'Asanpur', 16),
(16004, 'Ashokpurbalkawa', 16),
(16005, 'Aurahi', 16),
(16006, 'Ayodhyanagar', 16),
(16007, 'Badharamal', 16),
(16008, 'Barchhawa', 16),
(16009, 'Bariyarpatti', 16),
(16010, 'Bastipur', 16),
(16011, 'Belaha', 16),
(16012, 'Belhi', 16),
(16013, 'Betauna', 16),
(16014, 'Bhadaiya', 16),
(16015, 'Bhaganpur', 16),
(16016, 'Bhagawatipur', 16),
(16017, 'Bhawanipur', 16),
(16018, 'Bhawanpurkalabanzar', 16),
(16019, 'Bhokraha', 16),
(16020, 'Bishnupurpra.Ma.', 16),
(16021, 'Bishnupurpra.Ra', 16),
(16022, 'Bishnupurkatti', 16),
(16023, 'Brahmagaughadi', 16),
(16024, 'Chandraayodhyapur', 16),
(16025, 'Chandralalpur', 16),
(16026, 'Chandrodayapur', 16),
(16027, 'Chatari', 16),
(16028, 'Chikana', 16),
(16029, 'Devipur', 16),
(16030, 'Dhangadi', 16),
(16031, 'Dhodhana', 16),
(16032, 'Dumari', 16),
(16033, 'Durgapur', 16),
(16034, 'Fulbariya', 16),
(16035, 'Fulkahakati', 16),
(16036, 'Gadha', 16),
(16037, 'Gauripur', 16),
(16038, 'Gautari', 16),
(16039, 'Govindapurmalahanama', 16),
(16040, 'Govindpurtaregana', 16),
(16041, 'Hakpara', 16),
(16042, 'Hanumannagar', 16),
(16043, 'Hanumannagar(Pra.Dha.)', 16),
(16044, 'Harakatti', 16),
(16045, 'Inarwa', 16),
(16046, 'Itarhawa', 16),
(16047, 'Itariparsahi', 16),
(16048, 'Itatar', 16),
(16049, 'Jamadaha', 16),
(16050, 'Janakinagar', 16),
(16051, 'Jighaul', 16),
(16052, 'Kabilasi', 16),
(16053, 'Kachanari', 16),
(16054, 'Kalyanpurjabadi', 16),
(16055, 'Kalyanpurkalabanzar', 16),
(16056, 'Karjanha', 16),
(16057, 'Kharukyanhi', 16),
(16058, 'Khirauna', 16),
(16059, 'Krishnapurbirta', 16),
(16060, 'Kushahalaxininiya', 16),
(16061, 'Lagadigadiyani', 16),
(16062, 'Lagadigodh', 16),
(16063, 'Lahan Municipality', 16),
(16064, 'Lalpur', 16),
(16065, 'Laxminiya', 16),
(16066, 'Laxmipur(Pra.Ma.)', 16),
(16067, 'Laxmipurpatari', 16),
(16068, 'Madar', 16),
(16069, 'Mahadewaportaha', 16),
(16070, 'Mahanaur', 16),
(16071, 'Maheshpurgamharia', 16),
(16072, 'Maheshpurpatari', 16),
(16073, 'Majhauliya', 16),
(16074, 'Majhaura', 16),
(16075, 'Malhaniyagamharia', 16),
(16076, 'Malhaniyakhori', 16),
(16077, 'Mauwahi', 16),
(16078, 'Media', 16),
(16079, 'Mohanpurkamalpur', 16),
(16080, 'Muksar', 16),
(16081, 'Nahararigoul', 16),
(16082, 'Narahabalkawa', 16),
(16083, 'Navarajpur', 16),
(16084, 'Padariyatharutol', 16),
(16085, 'Piprapra.Dha', 16),
(16086, 'Piprapra.Pi', 16),
(16087, 'Pokharbhinda', 16),
(16088, 'Radhopur', 16),
(16089, 'Rajpur', 16),
(16090, 'Ramnagarmirchaiya', 16),
(16091, 'Rampurbirta', 16),
(16092, 'Sakhuwanankarkatti', 16),
(16093, 'Sanhaitha', 16),
(16094, 'Sarswar', 16),
(16095, 'Sikron', 16),
(16096, 'Silorbapachhawari', 16),
(16097, 'Siraha Municipality', 16),
(16098, 'Sisawani', 16),
(16099, 'Sitapurpra.Da.', 16),
(16100, 'Sitapurpra.Ra.', 16),
(16101, 'Sonmatimajhaura', 16),
(16102, 'Sothiyan', 16),
(16103, 'Sukhachina', 16),
(16104, 'Sukhipur', 16),
(16105, 'Tenuwapatti', 16),
(16106, 'Thalahakataha', 16),
(16107, 'Tulsipur', 16),
(16108, 'Vidhyanagar', 16),
(17001, 'Andupatti', 17),
(17002, 'Aurahi', 17),
(17003, 'Bafai', 17),
(17004, 'Bagchaura', 17),
(17005, 'Bahedabala', 17),
(17006, 'Bahuarba', 17),
(17007, 'Balabakhar', 17),
(17008, 'Balahakathal', 17),
(17009, 'Balahasadhara', 17),
(17010, 'Ballagoth', 17),
(17011, 'Baniniya', 17),
(17012, 'Baramajhiya', 17),
(17013, 'Basahiya', 17),
(17014, 'Basbitti', 17),
(17015, 'Bateswor', 17),
(17016, 'Begashivapur', 17),
(17017, 'Begadawar', 17),
(17018, 'Bharatpur', 17),
(17019, 'Bhuchakrapur', 17),
(17020, 'Bhutahipaterwa', 17),
(17021, 'Bindhi', 17),
(17022, 'Bisarbhora', 17),
(17023, 'Chakkar', 17),
(17024, 'Chorakoilpur', 17),
(17025, 'D.Govindapur', 17),
(17026, 'Debadiha', 17),
(17027, 'Deuriparbaha', 17),
(17028, 'Devpurarupetha', 17),
(17029, 'Dhabouli', 17),
(17030, 'Dhalkebar', 17),
(17031, 'Dhanauji', 17),
(17032, 'Dhanusadham', 17),
(17033, 'Digambarpur', 17),
(17034, 'Dubarikothathalekha', 17),
(17035, 'Duhabi', 17),
(17036, 'Ekarahi', 17),
(17037, 'Fulgama', 17),
(17038, 'Ghodghans', 17),
(17039, 'Godar', 17),
(17040, 'Gopalpur', 17),
(17041, 'Gothkohelpur', 17),
(17042, 'Hansapurkathpula', 17),
(17043, 'Hariharpur', 17),
(17044, 'Harine', 17),
(17045, 'Hathipurharbara', 17),
(17046, 'Inarwa', 17),
(17047, 'Itaharwa', 17),
(17048, 'Janakpur Municipality', 17),
(17049, 'Jhatiyahi', 17),
(17050, 'Jhojhikataiya', 17),
(17051, 'Kachurithera', 17),
(17052, 'Kajararamaul', 17),
(17053, 'Kanakpatti', 17),
(17054, 'Khajurichanha', 17),
(17055, 'Khariyani', 17),
(17056, 'Kurtha', 17),
(17057, 'Labatoli', 17),
(17058, 'Lagmagadhaguthi', 17),
(17059, 'Lakhouri', 17),
(17060, 'Lakkad', 17),
(17061, 'Laxminiwas', 17),
(17062, 'Laxmipurbagewa', 17),
(17063, 'Lohana', 17),
(17064, 'Mahuwa(Pra.Khe)', 17),
(17065, 'Mahuwa(Pra.Ko)', 17),
(17066, 'Makhanaha', 17),
(17067, 'Manshingpatti', 17),
(17068, 'Marchaijhitakaiya', 17),
(17069, 'Mithileswormauwahi', 17),
(17070, 'Mithileswornikas', 17),
(17071, 'Mukhiyapattimushargiya', 17),
(17072, 'Nagaraeen', 17),
(17073, 'Nakatajhijh', 17),
(17074, 'Nanupatti', 17),
(17075, 'Nauwakhorprashahi', 17),
(17076, 'Pachaharwa', 17),
(17077, 'Patanuka', 17),
(17078, 'Paterwa', 17),
(17079, 'Paudeswor', 17),
(17080, 'Puspalpur', 17),
(17081, 'Raghunathpur', 17),
(17082, 'Ramaidaiyabhawadi', 17),
(17083, 'Sabela', 17),
(17084, 'Sakhuwamahendranagar', 17),
(17085, 'Sapahi', 17),
(17086, 'Satosar', 17),
(17087, 'Shantipur', 17),
(17088, 'Siddha', 17),
(17089, 'Singyahimaidan', 17),
(17090, 'Sinurjoda', 17),
(17091, 'Sonigama', 17),
(17092, 'Sugamadhukarahi', 17),
(17093, 'Suganikash', 17),
(17094, 'Tarapattisirsiya', 17),
(17095, 'Thadijhijha', 17),
(17096, 'Thillayaduwa', 17),
(17097, 'Tulsichauda', 17),
(17098, 'Tulsiyahinikas', 17),
(17099, 'Tulsiyanijabdi', 17),
(17100, 'Umaprempur', 17),
(17101, 'Yadukush', 17),
(17102, 'Yagyabhumi', 17),
(18001, 'Anakar', 18),
(18002, 'Aurahi', 18),
(18003, 'Bagada', 18),
(18004, 'Bairgiyabanchauri', 18),
(18005, 'Bairgiyalaxminiya', 18),
(18006, 'Balawa', 18),
(18007, 'Banaulidonauli', 18),
(18008, 'Banouta', 18),
(18009, 'Bardibas', 18),
(18010, 'Basabitti', 18),
(18011, 'Bathanaha', 18),
(18012, 'Belgachhi', 18),
(18013, 'Bharatpur', 18),
(18014, 'Bhatauliya', 18),
(18015, 'Bijayalpura', 18),
(18016, 'Bramarpura', 18),
(18017, 'Damhimarayee', 18),
(18018, 'Dhamaura', 18),
(18019, 'Dharmapur', 18),
(18020, 'Dhirapur', 18),
(18021, 'Ekadarabela', 18),
(18022, 'Ekarahiya', 18),
(18023, 'Etaharwakatti', 18),
(18024, 'Fulahattaparikauli', 18),
(18025, 'Fulakaha', 18),
(18026, 'Gaidahabhelpur', 18),
(18027, 'Gauribas', 18),
(18028, 'Gaushala', 18),
(18029, 'Gonarpura', 18),
(18030, 'Halkhori', 18),
(18031, 'Hariharpurharinamari', 18),
(18032, 'Hathilet', 18),
(18033, 'Hatisarwa', 18),
(18034, 'Jaleshwar Municipality', 18),
(18035, 'Khairbanni', 18),
(18036, 'Khayarmara', 18),
(18037, 'Khopi', 18),
(18038, 'Khuttapiparadhi', 18),
(18039, 'Kisannagar', 18),
(18040, 'Kolhuwabagaicha', 18),
(18041, 'Laximiniya', 18),
(18042, 'Loharpatti', 18),
(18043, 'Mahadaiyatapanpur', 18),
(18044, 'Mahottari', 18),
(18045, 'Maisthan', 18),
(18046, 'Majhorabishnupur', 18),
(18047, 'Manara', 18),
(18048, 'Matihani', 18),
(18049, 'Meghanathgorahanna', 18),
(18050, 'Nainhi', 18),
(18051, 'Nigaul', 18),
(18052, 'Paraul', 18),
(18053, 'Parsadewadh', 18),
(18054, 'Parsapateli', 18),
(18055, 'Pasupatinagar', 18),
(18056, 'Pigouna', 18),
(18057, 'Pipra', 18),
(18058, 'Pokharibhindasamgrampur', 18),
(18059, 'Raghunathpur', 18),
(18060, 'Ramgopalpur', 18),
(18061, 'Ramnagar', 18),
(18062, 'Ratauli', 18),
(18063, 'Sahasaula', 18),
(18064, 'Sahorawa', 18),
(18065, 'Sandha', 18),
(18066, 'Sarpallo', 18),
(18067, 'Shamsi', 18),
(18068, 'Shreepur', 18),
(18069, 'Simardahi', 18),
(18070, 'Singyahi', 18),
(18071, 'Sisawakataiya', 18),
(18072, 'Sonama', 18),
(18073, 'Sonamai', 18),
(18074, 'Sonaul', 18),
(18075, 'Sugavawani', 18),
(18076, 'Sundarpur', 18),
(18077, 'Vagaha', 18),
(19001, 'Achalgadh', 19),
(19002, 'Arnaha', 19),
(19003, 'Atrouli', 19),
(19004, 'Aurahi', 19),
(19005, 'Babarganj', 19),
(19006, 'Bagdaha', 19),
(19007, 'Bahadurpur', 19),
(19008, 'Balara', 19),
(19009, 'Baraudhoran', 19),
(19010, 'Barahathawa', 19),
(19011, 'Basantapur', 19),
(19012, 'Batraul', 19),
(19013, 'Bela', 19),
(19014, 'Belhi', 19),
(19015, 'Belwajabdi', 19),
(19016, 'Bhadsar', 19),
(19017, 'Bhagawatipur', 19),
(19018, 'Bhaktipur', 19),
(19019, 'Bhawanipur', 19),
(19020, 'Brahmapuri', 19),
(19021, 'Chandranagar', 19),
(19022, 'Chhataul', 19),
(19023, 'Chhatona', 19),
(19024, 'Dhanakaulpachhiyati', 19),
(19025, 'Dhanakaulpurba', 19),
(19026, 'Dhangada', 19),
(19027, 'Dhungrekhola', 19),
(19028, 'Dhurkauli', 19),
(19029, 'Dumariya', 19),
(19030, 'Farahadawa', 19),
(19031, 'Fulparasi', 19),
(19032, 'Gadahiyabairi', 19),
(19033, 'Gamhariya', 19),
(19034, 'Godeta', 19),
(19035, 'Gourishankar', 19),
(19036, 'Hajariya', 19),
(19037, 'Harakthawa', 19),
(19038, 'Haripur', 19),
(19039, 'Haripurwa', 19),
(19040, 'Hariyon', 19),
(19041, 'Hathiyol', 19),
(19042, 'Hempur', 19),
(19043, 'Ishworpur', 19),
(19044, 'Jabdi', 19),
(19045, 'Jamuniya', 19),
(19046, 'Janakinagar', 19),
(19047, 'Jingadawa', 19),
(19048, 'Kabilasi', 19),
(19049, 'Kalinjor', 19),
(19050, 'Karmaiya', 19),
(19051, 'Khirwa', 19),
(19052, 'Khoriya', 19),
(19053, 'Khutauna', 19),
(19054, 'Kisanpur', 19),
(19055, 'Kodena', 19),
(19056, 'Lalbandi', 19),
(19057, 'Laukath', 19),
(19058, 'Laxmipurkodraha', 19),
(19059, 'Laxmipursu.', 19),
(19060, 'Madhubangoth', 19),
(19061, 'Madhubani', 19),
(19062, 'Mahinathpur', 19),
(19063, 'Mailhi', 19),
(19064, 'Malangawa  Municipality', 19),
(19065, 'Manpur', 19),
(19066, 'Mirjapur', 19),
(19067, 'Mohanpur', 19),
(19068, 'Motipur', 19),
(19069, 'Murtiya', 19),
(19070, 'Musauli', 19),
(19071, 'Narayankhola', 19),
(19072, 'Narayanpur', 19),
(19073, 'Netraganj', 19),
(19074, 'Noukailawa', 19),
(19075, 'Parsa', 19),
(19076, 'Parwanipur', 19),
(19077, 'Pattharkot', 19),
(19078, 'Pidari', 19),
(19079, 'Pidariya', 19),
(19080, 'Pipariya', 19),
(19081, 'Rajghat', 19),
(19082, 'Ramban', 19),
(19083, 'Ramnagarbahaur', 19),
(19084, 'Raniganj', 19),
(19085, 'Rohuwa', 19),
(19086, 'Sakraul', 19),
(19087, 'Salempur', 19),
(19088, 'Sangrampur', 19),
(19089, 'Sankarpur', 19),
(19090, 'Sasapur', 19),
(19091, 'Shreepur', 19),
(19092, 'Sikhauna', 19),
(19093, 'Simara', 19),
(19094, 'Sisotiya', 19),
(19095, 'Sisout', 19),
(19096, 'Sohadawa', 19),
(19097, 'Sudama', 19),
(19098, 'Sundarpur', 19),
(19099, 'Sundarpurchuldawa', 19),
(19100, 'Tribhuwannagar', 19),
(20001, 'Amale', 20),
(20002, 'Arunthakur', 20),
(20003, 'Bahuntilpung', 20),
(20004, 'Balajor', 20),
(20005, 'Baseshwor', 20),
(20006, 'Bastipur', 20),
(20007, 'Belghari', 20),
(20008, 'Bhadrakali', 20),
(20009, 'Bhimeshwor', 20),
(20010, 'Bhimsthan', 20),
(20011, 'Bhuwaneshorigwaltar', 20),
(20012, 'Bitijorbagaiya', 20),
(20013, 'Dadiguranshe', 20),
(20014, 'Dudbhanjyang', 20),
(20015, 'Dudhouli', 20),
(20016, 'Hariharpurgadhi', 20),
(20017, 'Harsahi', 20),
(20018, 'Hatpate', 20),
(20019, 'Jalkanya', 20),
(20020, 'Jarayotar', 20),
(20021, 'Jhangajholiralmata', 20),
(20022, 'Jinakhu', 20),
(20023, 'Kakurthakur', 20),
(20024, 'Kalpabrishykha', 20),
(20025, 'Kamalamai Municipality', 20),
(20026, 'Kapilakot', 20),
(20027, 'Khangsang', 20),
(20028, 'Kholagaun', 20),
(20029, 'Kuseswordumja', 20),
(20030, 'Kyaneshwor', 20),
(20031, 'Ladabhir(Mahendra)', 20),
(20032, 'Lampantar', 20),
(20033, 'Mahadevdada', 20),
(20034, 'Mahadevsthan', 20),
(20035, 'Mahendrajhayadi', 20),
(20036, 'Majhuwa', 20),
(20037, 'Netrakali', 20),
(20038, 'Nipane', 20),
(20039, 'Pipalmadi', 20),
(20040, 'Puranojhangajholi', 20),
(20041, 'Ranibas', 20),
(20042, 'Ranichuri', 20),
(20043, 'Ratanchura', 20),
(20044, 'Ratnawati', 20),
(20045, 'Santeswori(Rampur)', 20),
(20046, 'Sirthouli', 20),
(20047, 'Sitalpati', 20),
(20048, 'Solpathana', 20),
(20049, 'Sunampokhari', 20),
(20050, 'Tamajor', 20),
(20051, 'Tandi', 20),
(20052, 'Tinkanya', 20),
(20053, 'Tosramkhola', 20),
(20054, 'Tribhuvanambote', 20),
(21001, 'Bamtibhandar', 21),
(21002, 'Betali', 21),
(21003, 'Bethan', 21),
(21004, 'Bhadaure', 21),
(21005, 'Bhatauli', 21),
(21006, 'Bhirpani', 21),
(21007, 'Bhujee', 21),
(21008, 'Bijulikot', 21),
(21009, 'Chanakhu', 21),
(21010, 'Chisapani', 21),
(21011, 'Chuchure', 21),
(21012, 'Dadhuwa', 21),
(21013, 'Deurali', 21),
(21014, 'Dimipokhari', 21),
(21015, 'Doramba', 21),
(21016, 'Duragau', 21),
(21017, 'Farpu', 21),
(21018, 'Gelu', 21),
(21019, 'Goswara', 21),
(21020, 'Gothgau', 21),
(21021, 'Gumdel', 21),
(21022, 'Gunsibhadaure', 21),
(21023, 'Guptesor', 21),
(21024, 'Hiledevi', 21),
(21025, 'Himganga', 21),
(21026, 'Kathjor', 21),
(21027, 'Khadadevi', 21),
(21028, 'Khaniyapani', 21),
(21029, 'Khimti', 21),
(21030, 'Kubukasthali', 21),
(21031, 'Lakhanpur', 21),
(21032, 'Majuwa', 21),
(21033, 'Makadum', 21),
(21034, 'Maluwajor', 21),
(21035, 'Manthali', 21),
(21036, 'Nagadaha', 21),
(21037, 'Namadi', 21),
(21038, 'Okhreni', 21),
(21039, 'Pakarbas', 21),
(21040, 'Phulasi', 21),
(21041, 'Pinkhuri', 21),
(21042, 'Pritee', 21),
(21043, 'Puranagau', 21),
(21044, 'Rakathum', 21),
(21045, 'Ramechhap', 21),
(21046, 'Rampur', 21),
(21047, 'Rasanalu', 21),
(21048, 'Saipu', 21),
(21049, 'Salupati', 21),
(21050, 'Sanghutar', 21),
(21051, 'Sukajor', 21),
(21052, 'Sunarpani', 21),
(21053, 'Those', 21),
(21054, 'Tilpung', 21),
(21055, 'Tokarpur', 21),
(22001, 'Alampu', 22),
(22002, 'Babare', 22),
(22003, 'Bhedapu', 22),
(22004, 'Bhimeshwar Municipality', 22),
(22005, 'Bhirkot', 22),
(22006, 'Bhusaphedi', 22),
(22007, 'Bigu', 22),
(22008, 'Bocha', 22),
(22009, 'Bulung', 22),
(22010, 'Chankhu', 22),
(22011, 'Chhetrapa', 22),
(22012, 'Chilankha', 22),
(22013, 'Chyama', 22),
(22014, 'Dandakharka', 22),
(22015, 'Dudhpokhari', 22),
(22016, 'Phasku', 22),
(22017, 'Gairimudi', 22),
(22018, 'Gaurisankar', 22),
(22019, 'Ghangsukathokar', 22),
(22020, 'Hawa', 22),
(22021, 'Japhe', 22),
(22022, 'Jhule', 22),
(22023, 'Jhyaku', 22),
(22024, 'Jiri', 22),
(22025, 'Jugu', 22),
(22026, 'Kabhre', 22),
(22027, 'Kalingchok', 22),
(22028, 'Katakuti', 22),
(22029, 'Khare', 22),
(22030, 'Khopachagu', 22),
(22031, 'Laduk', 22),
(22032, 'Lakuridada', 22),
(22033, 'Lamabagar', 22),
(22034, 'Lamidada', 22),
(22035, 'Lapilang', 22),
(22036, 'Magapauwa', 22),
(22037, 'Mali', 22),
(22038, 'Malu', 22),
(22039, 'Marbu', 22),
(22040, 'Melung', 22),
(22041, 'Mirge', 22),
(22042, 'Namdu', 22),
(22043, 'Orang', 22),
(22044, 'Pawati', 22),
(22045, 'Sahare', 22),
(22046, 'Sailungeswor', 22),
(22047, 'Sunakhani', 22),
(22048, 'Sundrawati', 22),
(22049, 'Suri', 22),
(22050, 'Susmachhemawati', 22),
(22051, 'Syama', 22),
(22052, 'Thulopatal', 22),
(23001, 'Atarpur', 23),
(23002, 'Badegau', 23),
(23003, 'Bansbari', 23),
(23004, 'Banskharka', 23),
(23005, 'Baramchi', 23),
(23006, 'Barhabise', 23),
(23007, 'Baruwa', 23),
(23008, 'Batase', 23),
(23009, 'Bhimtar', 23),
(23010, 'Bhotasipa', 23),
(23011, 'Bhotenamlang', 23),
(23012, 'Bhotechaur', 23),
(23013, 'Choukati', 23),
(23014, 'Choutara', 23),
(23015, 'Dhumthang', 23),
(23016, 'Dubachour', 23),
(23017, 'Fatakshila', 23),
(23018, 'Fulpingdandagau', 23),
(23019, 'Fulpingkatti', 23),
(23020, 'Fulpingkot', 23),
(23021, 'Gati', 23),
(23022, 'Ghorthali', 23),
(23023, 'Ghuskun', 23),
(23024, 'Gloche', 23),
(23025, 'Gumba', 23),
(23026, 'Gunsakot', 23),
(23027, 'Hagam', 23),
(23028, 'Haibung', 23),
(23029, 'Helumbu', 23),
(23030, 'Ichok', 23),
(23031, 'Irkhu', 23),
(23032, 'Jalbire', 23),
(23033, 'Jethal', 23),
(23034, 'Jyamire', 23),
(23035, 'Kadambas', 23),
(23036, 'Kalika', 23),
(23037, 'Karthali', 23),
(23038, 'Kiwool', 23),
(23039, 'Kubhinde', 23),
(23040, 'Kunchok', 23),
(23041, 'Langarche', 23),
(23042, 'Lisankhu', 23),
(23043, 'Listikot', 23),
(23044, 'Mahankal', 23),
(23045, 'Maneswor', 23),
(23046, 'Mankha', 23),
(23047, 'Marming', 23),
(23048, 'Melamchi', 23),
(23049, 'Motang', 23),
(23050, 'Nawalpur', 23),
(23051, 'Pagretar', 23),
(23052, 'Palchok', 23),
(23053, 'Pangtang', 23),
(23054, 'Petaku', 23),
(23055, 'Pipaldanda', 23),
(23056, 'Piskar', 23),
(23057, 'Ramche', 23),
(23058, 'Sangachok', 23),
(23059, 'Sanusiruwari', 23),
(23060, 'Selang', 23),
(23061, 'Sikharpur', 23),
(23062, 'Sindhukot', 23),
(23063, 'Sipapokhare', 23),
(23064, 'Sipalkavre', 23),
(23065, 'Sunkhani', 23),
(23066, 'Syaulebazar', 23),
(23067, 'Talramarang', 23),
(23068, 'Tatopani', 23),
(23069, 'Tauthali', 23),
(23070, 'Tekanpur', 23),
(23071, 'Thakani', 23),
(23072, 'Thampalchhap', 23),
(23073, 'Thanpalkot', 23),
(23074, 'Thokarpa', 23),
(23075, 'Thulodhading', 23),
(23076, 'Thulopakhar', 23),
(23077, 'Thulosirubari', 23),
(23078, 'Thumpakhar', 23),
(23079, 'Yamunadanda', 23),
(24001, 'Anaikot', 24),
(24002, 'Baldthali', 24),
(24003, 'Balting', 24),
(24004, 'Baluwapatideupur', 24),
(24005, 'Banakhuchor', 24),
(24006, 'Banepa Municipality', 24),
(24007, 'Bekhsimledhartigaun', 24),
(24008, 'Bhimkhori', 24),
(24009, 'Bhumlutar', 24),
(24010, 'Birtadeurali', 24),
(24011, 'Boldefediche', 24),
(24012, 'Budhakhani', 24),
(24013, 'Chalalganeshsthan', 24),
(24014, 'Chandenimandan', 24),
(24015, 'Choubas', 24),
(24016, 'Chyamrangbesi', 24),
(24017, 'Chyasingkharka', 24),
(24018, 'Dandagaun', 24),
(24019, 'Dapchachatraibhanjha', 24),
(24020, 'Daraunepokhari', 24),
(24021, 'Deuvumibaluwa', 24),
(24022, 'Devitar', 24),
(24023, 'Dhulikhel Municipality', 24),
(24024, 'Dhunkharka', 24),
(24025, 'Dhusenisiwalaya', 24),
(24026, 'Dolalghat', 24),
(24027, 'Falatebhumlu', 24),
(24028, 'Falemetar', 24),
(24029, 'Foksingtar', 24),
(24030, 'Gairibisounadeupur', 24),
(24031, 'Ghartichhap', 24),
(24032, 'Gokule', 24),
(24033, 'Gothpani', 24),
(24034, 'Hoksebazar', 24),
(24035, 'Jaisithokmandan', 24),
(24036, 'Jyamdimandan', 24),
(24037, 'Kalatibhumidanda', 24),
(24038, 'Kanpurkalapani', 24),
(24039, 'Kartikedeurali', 24),
(24040, 'Katunjebesi', 24),
(24041, 'Kavrenityachandeswor', 24),
(24042, 'Khaharepangu', 24),
(24043, 'Khanalthok', 24),
(24044, 'Kharelthok', 24),
(24045, 'Kharpachok', 24),
(24046, 'Kolatibhumlu', 24),
(24047, 'Koshidekha', 24),
(24048, 'Kuruwaschapakhori', 24),
(24049, 'Kushadevi', 24),
(24050, 'Machchhegaun', 24),
(24051, 'Madankundari', 24),
(24052, 'Mahadevsthanmandan', 24),
(24053, 'Mahadevtar', 24),
(24054, 'Mahankalchaur', 24),
(24055, 'Mahendrajyoti', 24),
(24056, 'Majhifeda', 24),
(24057, 'Mangaltar', 24),
(24058, 'Mathurapatifulbari', 24),
(24059, 'Methinkot', 24),
(24060, 'Milche', 24),
(24061, 'Nagregagarche', 24),
(24062, 'Nala(Ugrachandi)', 24),
(24063, 'Nasikasthansanga', 24),
(24064, 'Nayagaundeupur', 24),
(24065, 'Panauti Municipality', 24),
(24066, 'Panchkhal', 24),
(24067, 'Patalekhet', 24),
(24068, 'Pokharichauri', 24),
(24069, 'Pokharinarayansthan', 24),
(24070, 'Puranogaundapcha', 24),
(24071, 'Raviopi', 24),
(24072, 'Ryalebhir', 24),
(24073, 'Saldhara', 24),
(24074, 'Sallebhumlu', 24),
(24075, 'Salmechakala(Taldhunga)', 24),
(24076, 'Sankhupatichour', 24),
(24077, 'Sanowangthali', 24),
(24078, 'Saping', 24),
(24079, 'Saradabatase', 24),
(24080, 'Saramthali', 24),
(24081, 'Sarasyunkhark', 24),
(24082, 'Sathigharbhagawati', 24),
(24083, 'Sikharambote', 24),
(24084, 'Simalchoursyampati', 24),
(24085, 'Simthali', 24),
(24086, 'Sipalichilaune', 24),
(24087, 'Sisakhani', 24),
(24088, 'Thuloparsel', 24),
(24089, 'Tukuchanala', 24),
(24090, 'Ugratarajanagal', 24),
(25001, 'Ashrang', 25),
(25002, 'Badikhel', 25),
(25003, 'Bhardev', 25),
(25004, 'Bhattedanda', 25),
(25005, 'Bisankhunarayan', 25),
(25006, 'Bukhel', 25),
(25007, 'Bungamati', 25),
(25008, 'Chandanpur', 25),
(25009, 'Chapagaun', 25),
(25010, 'Chhampi', 25),
(25011, 'Choughare', 25),
(25012, 'Dalchoki', 25),
(25013, 'Devichour', 25),
(25014, 'Dhapakhel', 25),
(25015, 'Dhusel', 25),
(25016, 'Dukuchhap', 25),
(25017, 'Gimdi', 25),
(25018, 'Godamchaur', 25),
(25019, 'Godawari', 25),
(25020, 'Gotikhel', 25),
(25021, 'Harisiddhi', 25),
(25022, 'Ikudol', 25),
(25023, 'Imadol', 25),
(25024, 'Jharuwarasi', 25),
(25025, 'Kaleswor', 25),
(25026, 'Khokana', 25),
(25027, 'Lalitpur Sub Metropolitan City', 25),
(25028, 'Lamatar', 25),
(25029, 'Lele', 25),
(25030, 'Lubhu', 25),
(25031, 'Malta', 25),
(25032, 'Manikhel', 25),
(25033, 'Nallu', 25),
(25034, 'Pyutar', 25),
(25035, 'Sainbu', 25),
(25036, 'Sankhu', 25),
(25037, 'Siddhipur', 25),
(25038, 'Sunakothi', 25),
(25039, 'Thaiba', 25),
(25040, 'Thecho', 25),
(25041, 'Thuladurlung', 25),
(25042, 'Tikathali', 25),
(26001, 'Bageswori', 26),
(26002, 'Balkot', 26),
(26003, 'Bhaktapur Municipality', 26),
(26004, 'Changunarayan', 26),
(26005, 'Chhaling', 26),
(26006, 'Chitapol', 26),
(26007, 'Dadhikot', 26),
(26008, 'Duwakot', 26),
(26009, 'Gundu', 26),
(26010, 'Jhaukhel', 26),
(26011, 'Kautunje', 26),
(26012, 'Madhyapur Thimi Municipality', 26),
(26013, 'Nagarkot', 26),
(26014, 'Nankhel', 26),
(26015, 'Sipadol', 26),
(26016, 'Sirutar', 26),
(26017, 'Sudal', 26),
(26018, 'Tathali', 26),
(27001, 'Aalapot', 27),
(27002, 'Baadbhanjyang', 27),
(27003, 'Bajrayogini(Sankhu)', 27),
(27004, 'Balambu', 27),
(27005, 'Baluwa', 27),
(27006, 'Bhadrabas', 27),
(27007, 'Bhimdhunga', 27),
(27008, 'Budanilkantha', 27),
(27009, 'Chalnakhel', 27),
(27010, 'Chapalibhadrakali', 27),
(27011, 'Chhaimale', 27),
(27012, 'Chouketardahachok', 27),
(27013, 'Chunikhel', 27),
(27014, 'Daanchhi', 27),
(27015, 'Daxinkali', 27),
(27016, 'Dhapasi', 27),
(27017, 'Dharmasthali', 27),
(27018, 'Futung', 27),
(27019, 'Gagalphedi', 27),
(27020, 'Gokarneswor', 27),
(27021, 'Goldhunga', 27),
(27022, 'Gonggabu', 27),
(27023, 'Gothatar', 27),
(27024, 'Ichangnarayan', 27),
(27025, 'Indrayani', 27),
(27026, 'Jhormahankal', 27),
(27027, 'Jitpurphedi', 27),
(27028, 'Jorpati', 27),
(27029, 'Kabhresthali', 27),
(27030, 'Kapan', 27),
(27031, 'Kathmandu Metropolitan City', 27),
(27032, 'Khadkabhadrakali', 27),
(27033, 'Kirtipur Municipality', 27),
(27034, 'Lapsephedi', 27),
(27035, 'Machhegaun', 27),
(27036, 'Mahadevathan', 27),
(27037, 'Mahankal', 27),
(27038, 'Manmaiju', 27),
(27039, 'Matatirtha', 27),
(27040, 'Mulpani', 27),
(27041, 'Naglebhare', 27),
(27042, 'Naikapnayabhanjyang', 27),
(27043, 'Naikappuranobhanjyang', 27),
(27044, 'Nayapati', 27),
(27045, 'Pukhulachhi', 27),
(27046, 'Ramkot', 27),
(27047, 'Sangla', 27),
(27048, 'Satikhel', 27),
(27049, 'Satungal', 27),
(27050, 'Seuchatar', 27),
(27051, 'Sheshnarayan', 27),
(27052, 'Sitapaila', 27),
(27053, 'Sundarijal', 27),
(27054, 'Suntol', 27),
(27055, 'Talkududechour', 27),
(27056, 'Thankot', 27),
(27057, 'Tinthana', 27),
(27058, 'Tokhachandeswori', 27),
(27059, 'Tokhasarswoti', 27),
(28001, 'Bagesworichokade', 28),
(28002, 'Balkumari', 28),
(28003, 'Barsunchet', 28),
(28004, 'Belkot', 28),
(28005, 'Beteni', 28),
(28006, 'Bhadratar', 28),
(28007, 'Bhalche', 28),
(28008, 'Bidur Municipality', 28),
(28009, 'Budhasing', 28),
(28010, 'Bungtang', 28),
(28011, 'Charghare', 28),
(28012, 'Chaturale', 28),
(28013, 'Chaughada', 28),
(28014, 'Chauthe', 28),
(28015, 'Chhap', 28),
(28016, 'Dangsing', 28),
(28017, 'Deurali', 28),
(28018, 'Duipipal', 28),
(28019, 'Fikuri', 28),
(28020, 'Ganeshthan', 28),
(28021, 'Gaunkharka', 28),
(28022, 'Gerkhu', 28),
(28023, 'Ghyangphedi', 28),
(28024, 'Gorsyang', 28),
(28025, 'Jiling', 28),
(28026, 'Kabilas', 28),
(28027, 'Kakani', 28),
(28028, 'Kalikahalde', 28),
(28029, 'Kalyanpur', 28),
(28030, 'Kaule', 28),
(28031, 'Khadagbhanjyang', 28),
(28032, 'Kharanitar', 28),
(28033, 'Kholegaunkhanigaun', 28),
(28034, 'Kintang', 28),
(28035, 'Kumari', 28),
(28036, 'Lachyang', 28),
(28037, 'Likhu', 28),
(28038, 'Madanpur', 28),
(28039, 'Mahakali', 28),
(28040, 'Manakamana', 28),
(28041, 'Narjamandap', 28),
(28042, 'Okharpauwa', 28),
(28043, 'Panchkanya', 28),
(28044, 'Ralukadevi', 28),
(28045, 'Ratmate', 28),
(28046, 'Rautbesi', 28),
(28047, 'Salme', 28),
(28048, 'Samari', 28),
(28049, 'Samundradevi', 28),
(28050, 'Samundratar', 28),
(28051, 'Shikharbesi', 28),
(28052, 'Sikre', 28),
(28053, 'Sundaradevi', 28),
(28054, 'Sunkhani', 28),
(28055, 'Suryamati', 28),
(28056, 'Talakhu', 28),
(28057, 'Taruka', 28),
(28058, 'Thanapati', 28),
(28059, 'Thansing', 28),
(28060, 'Thaprek', 28),
(28061, 'Tupche', 28),
(28062, 'Urleni', 28),
(29001, 'Bhorle', 29),
(29002, 'Bridhim', 29),
(29003, 'Chilime', 29),
(29004, 'Dandagoun', 29),
(29005, 'Dhunche', 29),
(29006, 'Gatlang', 29),
(29007, 'Goljung', 29),
(29008, 'Haku', 29),
(29009, 'Jibjibe(Nilkantha)', 29),
(29010, 'Laharepouwa', 29),
(29011, 'Langtang', 29),
(29012, 'Ramche', 29),
(29013, 'Saramthali', 29),
(29014, 'Syafru', 29),
(29015, 'Thulogoun', 29),
(29016, 'Thuman', 29),
(29017, 'Timure', 29),
(29018, 'Yarsa', 29),
(30001, 'Aginchok', 30),
(30002, 'Baireni', 30),
(30003, 'Baseri', 30),
(30004, 'Benighat', 30),
(30005, 'Bhumesthan', 30),
(30006, 'Budhathum', 30),
(30007, 'Chainpur', 30),
(30008, 'Chhatredyaurali', 30),
(30009, 'Darkha', 30),
(30010, 'Dhola', 30),
(30011, 'Dhussa', 30),
(30012, 'Dhuwakot', 30),
(30013, 'Gajuri', 30),
(30014, 'Goganpani', 30),
(30015, 'Gumdi', 30),
(30016, 'Jeewanpur', 30),
(30017, 'Jharlang', 30),
(30018, 'Jogimara', 30),
(30019, 'Jyamrung', 30),
(30020, 'Kalleri', 30),
(30021, 'Katunje', 30),
(30022, 'Kewalpur', 30),
(30023, 'Khalte', 30),
(30024, 'Khari', 30),
(30025, 'Kiranchok', 30),
(30026, 'Kumpur', 30),
(30027, 'Lapa', 30),
(30028, 'Mahadevsthan', 30),
(30029, 'Maidi', 30),
(30030, 'Marpak', 30),
(30031, 'Mulpani', 30),
(30032, 'Muralibhanjyang', 30),
(30033, 'Nalang', 30),
(30034, 'Naubise', 30),
(30035, 'Nilkantha', 30),
(30036, 'Phulkhark', 30),
(30037, 'Pida', 30),
(30038, 'Reegaun', 30),
(30039, 'Salang', 30),
(30040, 'Salyankot', 30),
(30041, 'Salyantar', 30),
(30042, 'Sangkosh', 30),
(30043, 'Satyadevi', 30),
(30044, 'Semjong', 30),
(30045, 'Sertung', 30),
(30046, 'Sunaulabazar', 30),
(30047, 'Tasarpu', 30),
(30048, 'Thakre', 30),
(30049, 'Tipling', 30),
(30050, 'Tripureswor', 30),
(31001, 'Agara', 31),
(31002, 'Ambhanjyang', 31),
(31003, 'Bajrabarahi', 31),
(31004, 'Basamadi', 31),
(31005, 'Betini', 31),
(31006, 'Bhaise', 31),
(31007, 'Bhartapundyadevi', 31),
(31008, 'Bhimfedi', 31),
(31009, 'Budhichaur', 31),
(31010, 'Chitlang', 31),
(31011, 'Churiyamai', 31),
(31012, 'Daman', 31),
(31013, 'Dandakharka', 31),
(31014, 'Dhimal', 31),
(31015, 'Fakhel', 31),
(31016, 'Faparbari', 31),
(31017, 'Gogane', 31),
(31018, 'Handikhola', 31),
(31019, 'Hatiya', 31),
(31020, 'Hetauda Municipality', 31),
(31021, 'Hurnamadi', 31),
(31022, 'Ipapanchakanya', 31),
(31023, 'Kalikatar', 31),
(31024, 'Kankada', 31),
(31025, 'Khairang', 31),
(31026, 'Kogate', 31),
(31027, 'Kulekhani', 31),
(31028, 'Makwanpurgadhi', 31),
(31029, 'Manahari', 31),
(31030, 'Manthali', 31),
(31031, 'Markhu', 31),
(31032, 'Namtar', 31),
(31033, 'Nibuwatar', 31),
(31034, 'Padampokhari', 31),
(31035, 'Palung', 31),
(31036, 'Raigaun', 31),
(31037, 'Raksirang', 31),
(31038, 'Sarikhetpalase', 31),
(31039, 'Shikharpur', 31),
(31040, 'Shreepurchhatiwan', 31),
(31041, 'Sisnerimahadevsthan', 31),
(31042, 'Sukaura', 31),
(31043, 'Thingan', 31),
(31044, 'Tistungdeurali', 31),
(32001, 'Ajagabi', 32),
(32002, 'Akolawa', 32),
(32003, 'Auraiya', 32),
(32004, 'Badharwa', 32),
(32005, 'Bagahi', 32),
(32006, 'Bahuwamadanpur', 32),
(32007, 'Bairiya', 32),
(32008, 'Banjaraha', 32),
(32009, 'Bariyarpur', 32),
(32010, 'Basantapatti', 32),
(32011, 'Basatpur', 32),
(32012, 'Basbitijingadiya', 32),
(32013, 'Bhalohiya(Pipra)', 32),
(32014, 'Bhediyahi', 32),
(32015, 'Birtiprastoka', 32),
(32016, 'Bishrampur', 32),
(32017, 'Bisunpurwamanpur', 32),
(32018, 'Brahmapuri', 32),
(32019, 'Chandranigahapur', 32),
(32020, 'Debahi', 32),
(32021, 'Dharampur', 32),
(32022, 'Dharhari', 32),
(32023, 'Dipahi', 32),
(32024, 'Dumariya(Matiauna)', 32),
(32025, 'Dumriya(Paroha)', 32),
(32026, 'Fatuhamaheshpur', 32),
(32027, 'Fatuwaharsaha', 32),
(32028, 'Gadhi(Bhanawanpur)', 32),
(32029, 'Gamhariyabirta', 32),
(32030, 'Gamhariyaparsa', 32),
(32031, 'Gangapipara', 32),
(32032, 'Garudabairiya', 32),
(32033, 'Gaur Municipality', 32),
(32034, 'Gedahiguthi', 32),
(32035, 'Hadiryapaltuwa', 32),
(32036, 'Hajminiya', 32),
(32037, 'Hathiyahi', 32),
(32038, 'Iharbarijyutahi', 32),
(32039, 'Inaruwa', 32),
(32040, 'Jatahara', 32),
(32041, 'Jayanagar', 32),
(32042, 'Jethrahiya', 32),
(32043, 'Jhunkhunwa', 32),
(32044, 'Jingadawabelbichwa', 32),
(32045, 'Jowaha(Jokaha)', 32),
(32046, 'Judibela', 32),
(32047, 'Kakanpur', 32),
(32048, 'Karkachkarmaiya', 32),
(32049, 'Karuniya', 32),
(32050, 'Katahariya', 32),
(32051, 'Khesarhiya', 32),
(32052, 'Laxminiya', 32),
(32053, 'Laxmipur(Do)', 32),
(32054, 'Laxmipurbelbichawa', 32),
(32055, 'Lokaha', 32),
(32056, 'Madhopur', 32),
(32057, 'Mahamadpur', 32),
(32058, 'Malahi', 32),
(32059, 'Maryadpur', 32),
(32060, 'Masedawa', 32),
(32061, 'Mathiya', 32),
(32062, 'Matsari', 32),
(32063, 'Mithuawa', 32),
(32064, 'Mudwalawa', 32),
(32065, 'Narkatiyaguthi', 32),
(32066, 'Pacharukhi', 32),
(32067, 'Pataura', 32),
(32068, 'Patharabudharampur', 32),
(32069, 'Paurai', 32),
(32070, 'Piparapokhariya', 32),
(32071, 'Pipariya(Dostiya)', 32),
(32072, 'Pipariya(Paroha)', 32),
(32073, 'Piprabhagwanpur', 32),
(32074, 'Piprarajbara', 32),
(32075, 'Pothiyahi', 32),
(32076, 'Pratappurpaltuwa', 32),
(32077, 'Prempurgunahi', 32),
(32078, 'Raghunathpur', 32),
(32079, 'Rajdevi', 32),
(32080, 'Rajpurfarhadawa', 32),
(32081, 'Rajpurtulsi', 32),
(32082, 'Ramolibairiya', 32),
(32083, 'Rampurkhap', 32),
(32084, 'Rangapur', 32),
(32085, 'Sakhuawa', 32),
(32086, 'Sakhuwadhamaura', 32),
(32087, 'Samanpur', 32),
(32088, 'Sangrampur', 32),
(32089, 'Santapur(Dostiya)', 32),
(32090, 'Santpur(Matiaun)', 32),
(32091, 'Sarmujawa', 32),
(32092, 'Saruatha', 32),
(32093, 'Saunaraniya', 32),
(32094, 'Shitalpurbairgania', 32),
(32095, 'Simarabhawanipur', 32),
(32096, 'Tejapakar', 32),
(32097, 'Tengraha', 32),
(33001, 'Amarpatti', 33),
(33002, 'Amlekhganj', 33),
(33003, 'Amritgang', 33),
(33004, 'Avab', 33),
(33005, 'Babuain', 33),
(33006, 'Bachhanpurwa', 33),
(33007, 'Badakifulbariya', 33),
(33008, 'Bagahi', 33),
(33009, 'Bahuari', 33),
(33010, 'Balirampur', 33),
(33011, 'Bandhuwan', 33),
(33012, 'Banjariya', 33),
(33013, 'Barainiya', 33),
(33014, 'Bariyarpur', 33),
(33015, 'Basantpur', 33),
(33016, 'Batara', 33),
(33017, 'Beldari', 33),
(33018, 'Benauli', 33),
(33019, 'Bhagwanpur', 33),
(33020, 'Bhaluyeearwaliya', 33),
(33021, 'Bharatganjsigaul', 33),
(33022, 'Bhatauda', 33),
(33023, 'Bhodaha', 33),
(33024, 'Bishrampur', 33),
(33025, 'Bishunpur', 33),
(33026, 'Bishunpurwa', 33),
(33027, 'Buniyad', 33),
(33028, 'Chhatapipra', 33),
(33029, 'Chhatawa', 33),
(33030, 'Dahiyar', 33),
(33031, 'Dewapur', 33),
(33032, 'Dharmanagar', 33),
(33033, 'Dohari', 33),
(33034, 'Dumarwana', 33),
(33035, 'Fattepur', 33),
(33036, 'Gadhahal', 33),
(33037, 'Ganjbhawanipur', 33),
(33038, 'Golaganj', 33),
(33039, 'Haraiya', 33),
(33040, 'Hardiya', 33),
(33041, 'Hariharpur', 33),
(33042, 'Inarwamal', 33),
(33043, 'Inarwasira', 33),
(33044, 'Itiyahi', 33),
(33045, 'Jhitakaiya(Dakshin)', 33),
(33046, 'Jhitakaiya(Uttar)', 33),
(33047, 'Jitpurbhawanipur', 33),
(33048, 'Kabahigoth', 33),
(33049, 'Kabahijabdi', 33),
(33050, 'Kachorwa', 33),
(33051, 'Kakadi', 33),
(33052, 'Kalaiya Municipality', 33),
(33053, 'Karaiya', 33),
(33054, 'Khopawa', 33),
(33055, 'Khutwajabdi', 33),
(33056, 'Kolhabi', 33),
(33057, 'Kudawa', 33),
(33058, 'Laxmipurkotwali', 33),
(33059, 'Lipanimal', 33),
(33060, 'Madhurijabdi', 33),
(33061, 'Mahendraadarsha', 33),
(33062, 'Maheshpur', 33),
(33063, 'Majhariya', 33),
(33064, 'Manaharwa', 33),
(33065, 'Matiarwa', 33),
(33066, 'Motisar', 33),
(33067, 'Narahi', 33),
(33068, 'Nijgadh', 33),
(33069, 'Pakadiyachikani', 33),
(33070, 'Paparpatijabdi', 33),
(33071, 'Paterwa', 33),
(33072, 'Patharhati', 33),
(33073, 'Pathera', 33),
(33074, 'Pheta', 33),
(33075, 'Piparasimara', 33),
(33076, 'Piparabirta', 33),
(33077, 'Piparpatiparchrouwa', 33),
(33078, 'Piprabasantapur', 33),
(33079, 'Pipradhigoth', 33),
(33080, 'Prasauni', 33),
(33081, 'Prasona', 33),
(33082, 'Prastoka', 33),
(33083, 'Prasurmpur', 33),
(33084, 'Purainiya', 33),
(33085, 'Raghunathpur', 33),
(33086, 'Rampurtokani', 33),
(33087, 'Rampurwa', 33),
(33088, 'Ratanpuri', 33),
(33089, 'Rauwahi', 33),
(33090, 'Sapahi', 33),
(33091, 'Shreenagarbairiya', 33),
(33092, 'Sihorwa', 33),
(33093, 'Sinhasani', 33),
(33094, 'Sisahaniya', 33),
(33095, 'Tedhakatti', 33),
(33096, 'Telkuwa', 33),
(33097, 'Tetariya', 33),
(33098, 'Uchidiha', 33),
(33099, 'Umarjan', 33),
(34001, 'Alau', 34),
(34002, 'Amarpatti', 34),
(34003, 'Auraha', 34),
(34004, 'Bagahi', 34),
(34005, 'Bagbana', 34),
(34006, 'Bageshwaritirtrona', 34),
(34007, 'Bahauripidari', 34),
(34008, 'Bahuarbamatha', 34),
(34009, 'Basadilwa', 34),
(34010, 'Basantpur', 34),
(34011, 'Belwaparsouni', 34),
(34012, 'Beriyabirta', 34),
(34013, 'Beriyabirta(Wa.Pu.)', 34),
(34014, 'Bhawanipur', 34),
(34015, 'Bhedihari', 34),
(34016, 'Bhisawa', 34),
(34017, 'Bijbaniya', 34),
(34018, 'Bindabasini', 34),
(34019, 'Biranchibarba', 34),
(34020, 'Birganj Sub Metropolitan City', 34),
(34021, 'Birwaguthi', 34),
(34022, 'Bisrampur', 34),
(34023, 'Chorni', 34),
(34024, 'Deukhana', 34),
(34025, 'Dhaubini', 34),
(34026, 'Dhore', 34),
(34027, 'Gadi', 34),
(34028, 'Gamhariya', 34),
(34029, 'Ghoddaudapipra', 34),
(34030, 'Govindapur', 34),
(34031, 'Hariharpur', 34),
(34032, 'Hariharpurbirta', 34),
(34033, 'Harpatagunj', 34),
(34034, 'Harpur', 34),
(34035, 'Jagaranathpursira', 34),
(34036, 'Jaimangalapur', 34),
(34037, 'Janakitala', 34),
(34038, 'Jeetpur', 34),
(34039, 'Jhouwaguthi', 34),
(34040, 'Kauwabankataiya', 34),
(34041, 'Lahawarthakari', 34),
(34042, 'Lakhanpur', 34),
(34043, 'Lalparsa', 34),
(34044, 'Langadi', 34),
(34045, 'Lipanibirta', 34),
(34046, 'Madhubanmathaul', 34),
(34047, 'Mahadevpatti', 34),
(34048, 'Mahuwan', 34),
(34049, 'Mainpur(Pakaha)', 34),
(34050, 'Maniyari', 34),
(34051, 'Masihani', 34),
(34052, 'Mikhampur', 34),
(34053, 'Mirjapur', 34),
(34054, 'Mudali', 34),
(34055, 'Nagardaha', 34),
(34056, 'Nichuta', 34),
(34057, 'Nirmalbasti', 34),
(34058, 'Pancharukhi', 34),
(34059, 'Parsaunibirta', 34),
(34060, 'Parsaunimatha', 34),
(34061, 'Pidariguthi', 34),
(34062, 'Pokhariya', 34),
(34063, 'Prasurampur', 34),
(34064, 'Ramgadhawa', 34),
(34065, 'Ramnagari', 34),
(34066, 'Sabaithawa', 34),
(34067, 'Sakhuwaprasauni', 34),
(34068, 'Samjhauta', 34),
(34069, 'Sankarsaraiya', 34),
(34070, 'Sedhawa', 34),
(34071, 'Shivaworga', 34),
(34072, 'Sirsiyakhalwatola', 34),
(34073, 'Sonbarsa', 34),
(34074, 'Sreesiya(Nau.Ta.Ja.)', 34),
(34075, 'Subarnapur', 34),
(34076, 'Sugaulibirta', 34),
(34077, 'Sugaulipartewa', 34),
(34078, 'Supauli', 34),
(34079, 'Surjaha', 34),
(34080, 'Thori', 34),
(34081, 'Tulasibarba', 34),
(34082, 'Udayapurdhurmi', 34),
(34083, 'Vauratar', 34);
INSERT INTO `vdc` (`vdc_id`, `vdc_name`, `district_id`) VALUES
(35001, 'Ayodhyapuri', 35),
(35002, 'Bachhyauli', 35),
(35003, 'Bagauda', 35),
(35004, 'Bhandara', 35),
(35005, 'Bharatpur Municipality', 35),
(35006, 'Birendranagar', 35),
(35007, 'Chainpur', 35),
(35008, 'Chandibhanjyang', 35),
(35009, 'Dahakhani', 35),
(35010, 'Darechok', 35),
(35011, 'Dibyanagar', 35),
(35012, 'Fulbari', 35),
(35013, 'Gardi', 35),
(35014, 'Gitanagar', 35),
(35015, 'Gunjanagar', 35),
(35016, 'Jagatpur', 35),
(35017, 'Jutpani', 35),
(35018, 'Kabilas', 35),
(35019, 'Kathar', 35),
(35020, 'Kaule', 35),
(35021, 'Khairahani', 35),
(35022, 'Korak', 35),
(35023, 'Kumroj', 35),
(35024, 'Lothar', 35),
(35025, 'Madikalyanpur', 35),
(35026, 'Mangalpur', 35),
(35027, 'Meghauli', 35),
(35028, 'Padampur', 35),
(35029, 'Parbatipur', 35),
(35030, 'Patihani', 35),
(35031, 'Piple', 35),
(35032, 'Pithuwa', 35),
(35033, 'Ratnanagar Municipality', 35),
(35034, 'Saradanagar', 35),
(35035, 'Shaktikhor', 35),
(35036, 'Sibanagar', 35),
(35037, 'Siddi', 35),
(35038, 'Sukranagar', 35),
(36001, 'Aanppipal', 36),
(36002, 'Aaruarbang', 36),
(36003, 'Aaruchanuate', 36),
(36004, 'Aarupokhari', 36),
(36005, 'Asrang', 36),
(36006, 'Baguwa', 36),
(36007, 'Bakrang', 36),
(36008, 'Bhirkot', 36),
(36009, 'Bhumlichok', 36),
(36010, 'Bihi', 36),
(36011, 'Borlang', 36),
(36012, 'Bunkot', 36),
(36013, 'Chhaikampar', 36),
(36014, 'Chhoprak', 36),
(36015, 'Chumchet', 36),
(36016, 'Chyngli', 36),
(36017, 'Darbhung', 36),
(36018, 'Deurali', 36),
(36019, 'Dhawa', 36),
(36020, 'Dhuwakot', 36),
(36021, 'Finam', 36),
(36022, 'Fujel', 36),
(36023, 'Gaikhur', 36),
(36024, 'Gakhu', 36),
(36025, 'Ghairung', 36),
(36026, 'Ghyachok', 36),
(36027, 'Ghyalchok', 36),
(36028, 'Gumda', 36),
(36029, 'Hanspur', 36),
(36030, 'Harmhi', 36),
(36031, 'Jaubari', 36),
(36032, 'Kashigaun', 36),
(36033, 'Kerabari', 36),
(36034, 'Kerauja', 36),
(36035, 'Kharibot', 36),
(36036, 'Khoplang', 36),
(36037, 'Laprak', 36),
(36038, 'Lapu', 36),
(36039, 'Lho', 36),
(36040, 'Makaising', 36),
(36041, 'Manakamana', 36),
(36042, 'Manbu', 36),
(36043, 'Masel', 36),
(36044, 'Muchhok', 36),
(36045, 'Namjung', 36),
(36046, 'Nareshwor', 36),
(36047, 'Palumtar', 36),
(36048, 'Panchkhuwadeurali', 36),
(36049, 'Pandrung', 36),
(36050, 'Prithvinarayan Municipality', 36),
(36051, 'Prok', 36),
(36052, 'Samagaun', 36),
(36053, 'Saurpani', 36),
(36054, 'Shreenathkot', 36),
(36055, 'Simjung', 36),
(36056, 'Sirdibas', 36),
(36057, 'Swara', 36),
(36058, 'Taklung', 36),
(36059, 'Takukot', 36),
(36060, 'Takumajhalakuribot', 36),
(36061, 'Tandrang', 36),
(36062, 'Tanglichok', 36),
(36063, 'Taple', 36),
(36064, 'Thalajung', 36),
(36065, 'Thumi', 36),
(36066, 'Uhya', 36),
(36067, 'Warpak', 36),
(37001, 'Archalbot', 37),
(37002, 'Bahundanda', 37),
(37003, 'Bajhakhet', 37),
(37004, 'Balungpani', 37),
(37005, 'Bangre', 37),
(37006, 'Bansar', 37),
(37007, 'Besishahar', 37),
(37008, 'Bhalayakharka', 37),
(37009, 'Bharte', 37),
(37010, 'Bhoje', 37),
(37011, 'Bhorletar', 37),
(37012, 'Bhoteoodar', 37),
(37013, 'Bhujung', 37),
(37014, 'Bhulbhule', 37),
(37015, 'Bichaur', 37),
(37016, 'Chakratirtha', 37),
(37017, 'Chandisthan', 37),
(37018, 'Chandreshwor', 37),
(37019, 'Chiti', 37),
(37020, 'Dhamilikuwa', 37),
(37021, 'Dhodeni', 37),
(37022, 'Dhuseni', 37),
(37023, 'Dudhpokhari', 37),
(37024, 'Duradanda', 37),
(37025, 'Faleni', 37),
(37026, 'Gauda', 37),
(37027, 'Gaunshahar', 37),
(37028, 'Ghanpokhara', 37),
(37029, 'Ghermu', 37),
(37030, 'Gilunng', 37),
(37031, 'Hiletaksar', 37),
(37032, 'Ilampokhari', 37),
(37033, 'Isaneshwor', 37),
(37034, 'Jita', 37),
(37035, 'Karapu', 37),
(37036, 'Khudi', 37),
(37037, 'Kolki', 37),
(37038, 'Kunchha', 37),
(37039, 'Maling', 37),
(37040, 'Mohoriyakot', 37),
(37041, 'Nalma', 37),
(37042, 'Nauthar', 37),
(37043, 'Neta', 37),
(37044, 'Pachok', 37),
(37045, 'Parewadada', 37),
(37046, 'Pasagaun', 37),
(37047, 'Puranokot', 37),
(37048, 'Pyarjung', 37),
(37049, 'Ramgha', 37),
(37050, 'Samibhanjyang', 37),
(37051, 'Shreebhanjyang', 37),
(37052, 'Simpani', 37),
(37053, 'Sindure', 37),
(37054, 'Sundarbazar', 37),
(37055, 'Suryapal', 37),
(37056, 'Taghring', 37),
(37057, 'Tandrang(Taksar)', 37),
(37058, 'Tarku', 37),
(37059, 'Tarkughat', 37),
(37060, 'Udipur', 37),
(37061, 'Uttarkanya', 37),
(38001, 'Anbukhaireni', 38),
(38002, 'Arunodaya', 38),
(38003, 'Baidi', 38),
(38004, 'Bandipur', 38),
(38005, 'Barbhanjyang', 38),
(38006, 'Basantapur', 38),
(38007, 'Bhanu', 38),
(38008, 'Bhanumati', 38),
(38009, 'Bhimad', 38),
(38010, 'Bhirkot', 38),
(38011, 'Byas Municipality', 38),
(38012, 'Chhang', 38),
(38013, 'Chhimkeshwori', 38),
(38014, 'Chhipchhipe', 38),
(38015, 'Chokchisapani', 38),
(38016, 'Deurali', 38),
(38017, 'Devghat', 38),
(38018, 'Dharampani', 38),
(38019, 'Dhorfirdi', 38),
(38020, 'Dulegaunda', 38),
(38021, 'Firfire', 38),
(38022, 'Gajarkot', 38),
(38023, 'Ghansikuwa', 38),
(38024, 'Jamunebhanjyang', 38),
(38025, 'Kahushivapur', 38),
(38026, 'Keshavtar', 38),
(38027, 'Khairenitar', 38),
(38028, 'Kihun', 38),
(38029, 'Kota', 38),
(38030, 'Kotdarbar', 38),
(38031, 'Kyamin', 38),
(38032, 'Majhakot', 38),
(38033, 'Manpang', 38),
(38034, 'Pokharibhanjyang', 38),
(38035, 'Purkot', 38),
(38036, 'Raipur', 38),
(38037, 'Ramjakot', 38),
(38038, 'Ranipokhari(Resing)', 38),
(38039, 'Risti', 38),
(38040, 'Rupakot', 38),
(38041, 'Satiswara', 38),
(38042, 'Shambubhagawatipur', 38),
(38043, 'Shymgha', 38),
(38044, 'Sundhara(Ghiring)', 38),
(38045, 'Tanahunsur', 38),
(38046, 'Thaprek', 38),
(38047, 'Virlung', 38),
(39001, 'Alamadevi', 39),
(39002, 'Arjunchaupari', 39),
(39003, 'Aruchaur', 39),
(39004, 'Arukharka', 39),
(39005, 'Bagefatake', 39),
(39006, 'Bahakot', 39),
(39007, 'Benethokdeurali', 39),
(39008, 'Bhatkhola', 39),
(39009, 'Bicharichautara', 39),
(39010, 'Birghaarchale', 39),
(39011, 'Biruwaarchale', 39),
(39012, 'Chandibhanjyang', 39),
(39013, 'Chapakot', 39),
(39014, 'Chhangchhangdi', 39),
(39015, 'Chilaunebas', 39),
(39016, 'Chinnebas', 39),
(39017, 'Chisapani(Magyam)', 39),
(39018, 'Chitrebhanjyang', 39),
(39019, 'Darsingdahathum', 39),
(39020, 'Dhapuksimalbhanjyang', 39),
(39021, 'Faparthum', 39),
(39022, 'Fedikhola', 39),
(39023, 'Jagatbhanjyang', 39),
(39024, 'Jagatradevi', 39),
(39025, 'Kalikakot', 39),
(39026, 'Kaulmabarahachaur', 39),
(39027, 'Kewarebhanjyang', 39),
(39028, 'Khilungdeurali', 39),
(39029, 'Kichnas', 39),
(39030, 'Kuwakot', 39),
(39031, 'Kyakmi', 39),
(39032, 'Majhakotsivalaya', 39),
(39033, 'Malunga', 39),
(39034, 'Malyangkot', 39),
(39035, 'Manakamana', 39),
(39036, 'Nibuwakharka', 39),
(39037, 'Oraste', 39),
(39038, 'Pakwadi', 39),
(39039, 'Panchamul', 39),
(39040, 'Pauwegaude', 39),
(39041, 'Pelakot', 39),
(39042, 'Pelkachaur', 39),
(39043, 'Pidikhola', 39),
(39044, 'Putalibazar Municipality', 39),
(39045, 'Rangvang', 39),
(39046, 'Rapakot', 39),
(39047, 'Ratnapur', 39),
(39048, 'Sakhar', 39),
(39049, 'Sataudarau', 39),
(39050, 'Sekham', 39),
(39051, 'Setidobhan', 39),
(39052, 'Shreekrishnagandaki', 39),
(39053, 'Sirsekot', 39),
(39054, 'Sworek', 39),
(39055, 'Taksar', 39),
(39056, 'Thuladihi', 39),
(39057, 'Thumpokhara', 39),
(39058, 'Tindobate', 39),
(39059, 'Tulsibhanjyang', 39),
(39060, 'Waling Municipality', 39),
(39061, 'Wangsingdeurali', 39),
(39062, 'Yaladi', 39),
(40001, 'Arbavijaya', 40),
(40002, 'Armala', 40),
(40003, 'Bhachok', 40),
(40004, 'Bhadauretamagi', 40),
(40005, 'Bharatpokhari', 40),
(40006, 'Chapakot', 40),
(40007, 'Dangsing', 40),
(40008, 'Deurali', 40),
(40009, 'Dhampus', 40),
(40010, 'Dhikurepokhari', 40),
(40011, 'Dhital', 40),
(40012, 'Ghachok', 40),
(40013, 'Ghandruk', 40),
(40014, 'Hansapur', 40),
(40015, 'Hemaja', 40),
(40016, 'Kahun', 40),
(40017, 'Kalika', 40),
(40018, 'Kaskikot', 40),
(40019, 'Kritinachnechaur', 40),
(40020, 'Lahachok', 40),
(40021, 'Lamachaur', 40),
(40022, 'Lekhnath Municipality', 40),
(40023, 'Lumle', 40),
(40024, 'Lwangghale', 40),
(40025, 'Machhapuchchhre', 40),
(40026, 'Majhthana', 40),
(40027, 'Mauja', 40),
(40028, 'Mijuredada', 40),
(40029, 'Namarjung', 40),
(40030, 'Nirmalpokhari', 40),
(40031, 'Parche', 40),
(40032, 'Pokhara Sub-metropolitan City', 40),
(40033, 'Pumdibhumdi', 40),
(40034, 'Puranchaur', 40),
(40035, 'Reevan', 40),
(40036, 'Rupakot', 40),
(40037, 'Saimarang', 40),
(40038, 'Salyan', 40),
(40039, 'Sarangkot', 40),
(40040, 'Sardikhola', 40),
(40041, 'Siddha', 40),
(40042, 'Sildujure', 40),
(40043, 'Thumakodada', 40),
(40044, 'Thumki', 40),
(40045, 'Valam', 40),
(41001, 'Bhraka', 41),
(41002, 'Chame', 41),
(41003, 'Dharapani', 41),
(41004, 'Fu', 41),
(41005, 'Ghyaru', 41),
(41006, 'Khangsar', 41),
(41007, 'Manang', 41),
(41008, 'Nar', 41),
(41009, 'Nyawal', 41),
(41010, 'Pisang', 41),
(41011, 'Tachibagarchhap', 41),
(41012, 'Tankimanang', 41),
(41013, 'Thoche', 41),
(42001, 'Charang', 42),
(42002, 'Chhonhup', 42),
(42003, 'Chhoser', 42),
(42004, 'Chhusang', 42),
(42005, 'Dhami', 42),
(42006, 'Jhong', 42),
(42007, 'Jomsom', 42),
(42008, 'Kagbeni', 42),
(42009, 'Kowang', 42),
(42010, 'Kunjo', 42),
(42011, 'Lete', 42),
(42012, 'Lomanthang', 42),
(42013, 'Marpha', 42),
(42014, 'Muktinath', 42),
(42015, 'Surkhang', 42),
(42016, 'Tukuche', 42),
(43001, 'Arman', 43),
(43002, 'Arthunge', 43),
(43003, 'Babiyachaur', 43),
(43004, 'Bagarkhola', 43),
(43005, 'Baranja', 43),
(43006, 'Bhakilmi', 43),
(43007, 'Bima', 43),
(43008, 'Chimkhola', 43),
(43009, 'Dagnam', 43),
(43010, 'Dana', 43),
(43011, 'Darwang', 43),
(43012, 'Devisthan', 43),
(43013, 'Dhatan', 43),
(43014, 'Dowa', 43),
(43015, 'Gurjakhani', 43),
(43016, 'Histhanmandali', 43),
(43017, 'Jhin', 43),
(43018, 'Jyamrukot', 43),
(43019, 'Kuhun', 43),
(43020, 'Kuinemangale', 43),
(43021, 'Lulang', 43),
(43022, 'Malkwang', 43),
(43023, 'Marang', 43),
(43024, 'Mudi', 43),
(43025, 'Muna', 43),
(43026, 'Narchyang', 43),
(43027, 'Niskot', 43),
(43028, 'Okharbot', 43),
(43029, 'Pakhapani', 43),
(43030, 'Patlekhet', 43),
(43031, 'Pulachaur', 43),
(43032, 'Rakhubhagawati', 43),
(43033, 'Rakhupiple', 43),
(43034, 'Ramche', 43),
(43035, 'Ratnechaur', 43),
(43036, 'Room', 43),
(43037, 'Shikha', 43),
(43038, 'Singa', 43),
(43039, 'Takam', 43),
(43040, 'Tatopani(Bhurung)', 43),
(44001, 'Arthardadakharka', 44),
(44002, 'Bachchha', 44),
(44003, 'Bahakithanti', 44),
(44004, 'Bajung', 44),
(44005, 'Balakot', 44),
(44006, 'Banou', 44),
(44007, 'Baskharka', 44),
(44008, 'Behulibans', 44),
(44009, 'Bhangara', 44),
(44010, 'Bhoksing', 44),
(44011, 'Bhorle', 44),
(44012, 'Bhuktangle', 44),
(44013, 'Bihadibarachaur', 44),
(44014, 'Bihadiranipani', 44),
(44015, 'Bitalawapipaltari', 44),
(44016, 'Chitre', 44),
(44017, 'Chuwa', 44),
(44018, 'Deupurkot', 44),
(44019, 'Deurali', 44),
(44020, 'Dhairing', 44),
(44021, 'Durlung', 44),
(44022, 'Falamkhani', 44),
(44023, 'Falebasdevisthan', 44),
(44024, 'Fulebaskhanigaun', 44),
(44025, 'Hosrangdi', 44),
(44026, 'Huwas', 44),
(44027, 'Karkineta', 44),
(44028, 'Katuwachaupari', 44),
(44029, 'Khaulalakuri', 44),
(44030, 'Khurkot', 44),
(44031, 'Kurgha', 44),
(44032, 'Kyang', 44),
(44033, 'Lekhfant', 44),
(44034, 'Limithana', 44),
(44035, 'Lunkhudeurali', 44),
(44036, 'Majhphantmallaj', 44),
(44037, 'Mudikuwa', 44),
(44038, 'Nagliwang', 44),
(44039, 'Pakhapani', 44),
(44040, 'Pakuwa', 44),
(44041, 'Pang', 44),
(44042, 'Pangrang', 44),
(44043, 'Ramjadeurali', 44),
(44044, 'Saligram', 44),
(44045, 'Salija', 44),
(44046, 'Saraukhola', 44),
(44047, 'Shankarpokhari', 44),
(44048, 'Shivalaya', 44),
(44049, 'Taklak', 44),
(44050, 'Thanamaulo', 44),
(44051, 'Thapathana', 44),
(44052, 'Thulipokhari', 44),
(44053, 'Tilahar', 44),
(44054, 'Tribeni', 44),
(44055, 'Urampokhara', 44),
(45001, 'Akhikarichaur', 45),
(45002, 'Amalachaur', 45),
(45003, 'Amarbhumi', 45),
(45004, 'Argal', 45),
(45005, 'Arjewa', 45),
(45006, 'Batakachaur', 45),
(45007, 'Bhakunde', 45),
(45008, 'Bhimpokhara', 45),
(45009, 'Bhinggithe', 45),
(45010, 'Bihunkot', 45),
(45011, 'Binamare', 45),
(45012, 'Boharagaun', 45),
(45013, 'Bongadovan', 45),
(45014, 'Bowang', 45),
(45015, 'Burtiwang', 45),
(45016, 'Chhisti', 45),
(45017, 'Dagatundada', 45),
(45018, 'Damek', 45),
(45019, 'Darling', 45),
(45020, 'Devisthan', 45),
(45021, 'Dhamja', 45),
(45022, 'Dhudhilabhati', 45),
(45023, 'Dhullugaidi', 45),
(45024, 'Dhullubaskot', 45),
(45025, 'Gwalichaur', 45),
(45026, 'Harichaur', 45),
(45027, 'Hatiya', 45),
(45028, 'Heel', 45),
(45029, 'Hugdisheer', 45),
(45030, 'Jaljala', 45),
(45031, 'Baglung Municipality', 45),
(45032, 'Kandebas', 45),
(45033, 'Khunga', 45),
(45034, 'Kusmishera', 45),
(45035, 'Lekhani', 45),
(45036, 'Malika', 45),
(45037, 'Malma', 45),
(45038, 'Narayansthan', 45),
(45039, 'Narethanti', 45),
(45040, 'Nisi', 45),
(45041, 'Paiyunpata', 45),
(45042, 'Paiyunthanthap', 45),
(45043, 'Palakot', 45),
(45044, 'Pandavkhani', 45),
(45045, 'Rajkut', 45),
(45046, 'Ranasinkiteni', 45),
(45047, 'Rangkhani', 45),
(45048, 'Rayadanda', 45),
(45049, 'Resh', 45),
(45050, 'Righa', 45),
(45051, 'Salyan', 45),
(45052, 'Sarkuwa', 45),
(45053, 'Singana', 45),
(45054, 'Sisakhani', 45),
(45055, 'Sukhaura', 45),
(45056, 'Sunkhani', 45),
(45057, 'Taman', 45),
(45058, 'Tangram', 45),
(45059, 'Tara', 45),
(45060, 'Tityang', 45),
(46001, 'Aaglung', 46),
(46002, 'Amararbathok', 46),
(46003, 'Amarpur', 46),
(46004, 'Apchaur', 46),
(46005, 'Arbani', 46),
(46006, 'Arje', 46),
(46007, 'Arkhale', 46),
(46008, 'Arkhawang', 46),
(46009, 'Arlangkot', 46),
(46010, 'Aslewa', 46),
(46011, 'Badagaun', 46),
(46012, 'Bajhketeria', 46),
(46013, 'Baletaksar', 46),
(46014, 'Balithum', 46),
(46015, 'Bamgha', 46),
(46016, 'Bharse', 46),
(46017, 'Bhurtung', 46),
(46018, 'Birbas', 46),
(46019, 'Bisukharka', 46),
(46020, 'Chhapahile', 46),
(46021, 'Dalamchaur', 46),
(46022, 'Darbardevisthan', 46),
(46023, 'Darling', 46),
(46024, 'Daungha', 46),
(46025, 'Dhamir', 46),
(46026, 'Dhurkotbastu', 46),
(46027, 'Dhurkotbhanbhane', 46),
(46028, 'Dhurkotnayagaun', 46),
(46029, 'Dhurkotrajasthal', 46),
(46030, 'Digam', 46),
(46031, 'Dirbung', 46),
(46032, 'Dohali', 46),
(46033, 'Dubichaur', 46),
(46034, 'Foksing', 46),
(46035, 'Gaidakot', 46),
(46036, 'Gwadha', 46),
(46037, 'Gwadi', 46),
(46038, 'Hadahade', 46),
(46039, 'Hansara', 46),
(46040, 'Hardineta', 46),
(46041, 'Harewa', 46),
(46042, 'Harmichaur', 46),
(46043, 'Harrachaur', 46),
(46044, 'Hastichaur', 46),
(46045, 'Hawangdi', 46),
(46046, 'Hunga', 46),
(46047, 'Ismarajasthal', 46),
(46048, 'Jaisithok', 46),
(46049, 'Jayakhani', 46),
(46050, 'Johang', 46),
(46051, 'Juniya', 46),
(46052, 'Juvung', 46),
(46053, 'Khadgakot', 46),
(46054, 'Kharjyang', 46),
(46055, 'Kurgha', 46),
(46056, 'Limgha', 46),
(46057, 'Malagiri', 46),
(46058, 'Marbhung', 46),
(46059, 'Musikot', 46),
(46060, 'Myalpokhari', 46),
(46061, 'Neta', 46),
(46062, 'Pallikot', 46),
(46063, 'Paralmi', 46),
(46064, 'Pauchhiamarayee', 46),
(46065, 'Pipaldhara', 46),
(46066, 'Purkotdaha', 46),
(46067, 'Purtighat', 46),
(46068, 'Reemuwa', 46),
(46069, 'Rupakot', 46),
(46070, 'Ruru', 46),
(46071, 'Shantipur', 46),
(46072, 'Simichaur', 46),
(46073, 'Sirseni', 46),
(46074, 'Tamghas', 46),
(46075, 'Thanpati', 46),
(46076, 'Thulolumpek', 46),
(46077, 'Turang', 46),
(46078, 'Wagla', 46),
(46079, 'Wamitaksar', 46),
(47001, 'Archale', 47),
(47002, 'Argali', 47),
(47003, 'Bahadurpur', 47),
(47004, 'Baldengadhi', 47),
(47005, 'Bandipokhara', 47),
(47006, 'Barangdi', 47),
(47007, 'Bhairabsthan', 47),
(47008, 'Bhuwanpokhari', 47),
(47009, 'Birkot', 47),
(47010, 'Bodhapokharathok', 47),
(47011, 'Boudhagumba', 47),
(47012, 'Chappani', 47),
(47013, 'Chhahara', 47),
(47014, 'Chidipani', 47),
(47015, 'Chirtungdhara', 47),
(47016, 'Darchha', 47),
(47017, 'Darlamdanda', 47),
(47018, 'Deurali', 47),
(47019, 'Devinagar', 47),
(47020, 'Dobhan', 47),
(47021, 'Fek', 47),
(47022, 'Foksingkot', 47),
(47023, 'Gadakot', 47),
(47024, 'Galdha', 47),
(47025, 'Gejha', 47),
(47026, 'Gothadi', 47),
(47027, 'Haklang', 47),
(47028, 'Humin', 47),
(47029, 'Hungi', 47),
(47030, 'Jalpa', 47),
(47031, 'Jhadewa', 47),
(47032, 'Jhirubas', 47),
(47033, 'Juthapauwa', 47),
(47034, 'Jyamire', 47),
(47035, 'Kachal', 47),
(47036, 'Kaseni', 47),
(47037, 'Khaliban', 47),
(47038, 'Khanichhap', 47),
(47039, 'Khanigau', 47),
(47040, 'Khasyoli', 47),
(47041, 'Khyaha', 47),
(47042, 'Koldada', 47),
(47043, 'Kusumkhola', 47),
(47044, 'Madanpokhara', 47),
(47045, 'Masyam', 47),
(47046, 'Mityal', 47),
(47047, 'Mujhung', 47),
(47048, 'Nayarnamtales', 47),
(47049, 'Palungmainadi', 47),
(47050, 'Pipaldada', 47),
(47051, 'Pokharathok', 47),
(47052, 'Rahabas', 47),
(47053, 'Rampur', 47),
(47054, 'Ringneraha', 47),
(47055, 'Rupse', 47),
(47056, 'Sahalkot', 47),
(47057, 'Satyawati', 47),
(47058, 'Siddheshwor', 47),
(47059, 'Siluwa', 47),
(47060, 'Somadi', 47),
(47061, 'Tahu', 47),
(47062, 'Tansen Municipality', 47),
(47063, 'Telgha', 47),
(47064, 'Timure', 47),
(47065, 'Wakamalang', 47),
(47066, 'Yamgha', 47),
(48001, 'Agryouli', 48),
(48002, 'Amarapuri', 48),
(48003, 'Amraut', 48),
(48004, 'Badaharadubauliya', 48),
(48005, 'Baidauli', 48),
(48006, 'Banjariya', 48),
(48007, 'Benimanipur', 48),
(48008, 'Bharatipur', 48),
(48009, 'Bhujhawa', 48),
(48010, 'Bulingtar', 48),
(48011, 'Dadajheritadi', 48),
(48012, 'Dawannedevi', 48),
(48013, 'Dedgaun', 48),
(48014, 'Deurali', 48),
(48015, 'Devachuli', 48),
(48016, 'Devagawa', 48),
(48017, 'Dhaubadi', 48),
(48018, 'Dhurkot', 48),
(48019, 'Dibyapuri', 48),
(48020, 'Dumkibas', 48),
(48021, 'Gaidakot', 48),
(48022, 'Gairami', 48),
(48023, 'Guthiparsauni', 48),
(48024, 'Guthisuryapura', 48),
(48025, 'Hakui', 48),
(48026, 'Harpur', 48),
(48027, 'Hupsekot', 48),
(48028, 'Jahada', 48),
(48029, 'Jamuniya', 48),
(48030, 'Jaubari', 48),
(48031, 'Kawaswoti', 48),
(48032, 'Kolhuwa', 48),
(48033, 'Kotathar', 48),
(48034, 'Kudiya', 48),
(48035, 'Kumarwarti', 48),
(48036, 'Kusma', 48),
(48037, 'Mainaghat', 48),
(48038, 'Makar', 48),
(48039, 'Manari', 48),
(48040, 'Mithukaram', 48),
(48041, 'Mukundapur', 48),
(48042, 'Naram', 48),
(48043, 'Narayani', 48),
(48044, 'Narsahi', 48),
(48045, 'Nayabelhani', 48),
(48046, 'Pakalihawa', 48),
(48047, 'Palhi', 48),
(48048, 'Panchanagar', 48),
(48049, 'Parsauni', 48),
(48050, 'Pithauli', 48),
(48051, 'Pragatinagar', 48),
(48052, 'Pratappur', 48),
(48053, 'Rajahar', 48),
(48054, 'Rakachuli', 48),
(48055, 'Rakuwa', 48),
(48056, 'Ramgram Municipality', 48),
(48057, 'Ramnagar', 48),
(48058, 'Rampurkhadauna', 48),
(48059, 'Rampurkha', 48),
(48060, 'Ratanapur', 48),
(48061, 'Ruchang', 48),
(48062, 'Rupauliya', 48),
(48063, 'Sanai', 48),
(48064, 'Sarawal', 48),
(48065, 'Shivmandir', 48),
(48066, 'Somani', 48),
(48067, 'Sukrauli', 48),
(48068, 'Sunwal', 48),
(48069, 'Swathi', 48),
(48070, 'Tamasariya', 48),
(48071, 'Thulokhairatawa', 48),
(48072, 'Tilakpur', 48),
(48073, 'Tribenisusta', 48),
(48074, 'Upalloarkhale', 48),
(49001, 'Aama', 49),
(49002, 'Aanandaban', 49),
(49003, 'Amuwa', 49),
(49004, 'Asurena', 49),
(49005, 'Bagaha', 49),
(49006, 'Bagauli', 49),
(49007, 'Bairghat', 49),
(49008, 'Basantapur', 49),
(49009, 'Betakuiya', 49),
(49010, 'Bhagawanpur', 49),
(49011, 'Bisunpura', 49),
(49012, 'Bodabar', 49),
(49013, 'Bogadi', 49),
(49014, 'Butawal Municipality', 49),
(49015, 'Chhipagada', 49),
(49016, 'Chhotakiramnagar', 49),
(49017, 'Chilhiya', 49),
(49018, 'Dayanagar', 49),
(49019, 'Devadaha', 49),
(49020, 'Dhakadhai', 49),
(49021, 'Dhamauli', 49),
(49022, 'Dudharakchhe', 49),
(49023, 'Ekala', 49),
(49024, 'Farena', 49),
(49025, 'Gajedi', 49),
(49026, 'Gangoliya', 49),
(49027, 'Gonaha', 49),
(49028, 'Harnaiya', 49),
(49029, 'Hatibangai', 49),
(49030, 'Hatipharsatikar', 49),
(49031, 'Jogada', 49),
(49032, 'Kamahariya', 49),
(49033, 'Karahiya', 49),
(49034, 'Karauta', 49),
(49035, 'Kerbani', 49),
(49036, 'Khadawabangai', 49),
(49037, 'Khudabagar', 49),
(49038, 'Lumbini', 49),
(49039, 'Madhbaliya', 49),
(49040, 'Madhuwani', 49),
(49041, 'Mainahiya', 49),
(49042, 'Majhagawa', 49),
(49043, 'Makrahar', 49),
(49044, 'Manmateriya', 49),
(49045, 'Manpakadi', 49),
(49046, 'Maryadpur', 49),
(49047, 'Masina', 49),
(49048, 'Motipur', 49),
(49049, 'Padsari', 49),
(49050, 'Pajarkatti', 49),
(49051, 'Pakadisakron', 49),
(49052, 'Parroha', 49),
(49053, 'Patekhouli', 49),
(49054, 'Pokharvindi', 49),
(49055, 'Rayapur', 49),
(49056, 'Roinihawa', 49),
(49057, 'Rudrapur', 49),
(49058, 'Sadi', 49),
(49059, 'Saljhundi', 49),
(49060, 'Sameramarchwar', 49),
(49061, 'Semalar', 49),
(49062, 'Shankarnagar', 49),
(49063, 'Siddharthanagar Municipality', 49),
(49064, 'Sikatahan', 49),
(49065, 'Silautiya', 49),
(49066, 'Sipawa', 49),
(49067, 'Sourahapharsatikar', 49),
(49068, 'Suryapura', 49),
(49069, 'Tenuhawa', 49),
(49070, 'Thumhawapiprahawa', 49),
(49071, 'Tikuligadh', 49),
(50001, 'Abhirawa', 50),
(50002, 'Ajigara', 50),
(50003, 'Bahadurganj', 50),
(50004, 'Balaramwapur', 50),
(50005, 'Baluhawa', 50),
(50006, 'Banganga', 50),
(50007, 'Baraipur', 50),
(50008, 'Barakulpur', 50),
(50009, 'Basantapur', 50),
(50010, 'Baskhaur', 50),
(50011, 'Bedauli', 50),
(50012, 'Bhagwanpur', 50),
(50013, 'Bhalubari', 50),
(50014, 'Bijuwa', 50),
(50015, 'Birpur', 50),
(50016, 'Bishunpur', 50),
(50017, 'Bithuwa', 50),
(50018, 'Budhi', 50),
(50019, 'Chanai', 50),
(50020, 'Dhankauli', 50),
(50021, 'Dharmpaniya', 50),
(50022, 'Dohani', 50),
(50023, 'Dubiya', 50),
(50024, 'Dumara', 50),
(50025, 'Fulika', 50),
(50026, 'Gajehada', 50),
(50027, 'Ganeshpur', 50),
(50028, 'Gauri', 50),
(50029, 'Gotihawa', 50),
(50030, 'Gugauli', 50),
(50031, 'Haranampur', 50),
(50032, 'Harduona', 50),
(50033, 'Hariharpur', 50),
(50034, 'Hathausa', 50),
(50035, 'Hathihawa', 50),
(50036, 'Jahadi', 50),
(50037, 'Jawabhari', 50),
(50038, 'Jayanagar', 50),
(50039, 'Kajarhawa', 50),
(50040, 'Kapilbastu Municipality', 50),
(50041, 'Khurhuriya', 50),
(50042, 'Kopawa', 50),
(50043, 'Krishnanagar', 50),
(50044, 'Kushhawa', 50),
(50045, 'Labani', 50),
(50046, 'Lalpur', 50),
(50047, 'Maharajganj', 50),
(50048, 'Mahendrakot', 50),
(50049, 'Mahuwa', 50),
(50050, 'Malwar', 50),
(50051, 'Manpur', 50),
(50052, 'Milmi', 50),
(50053, 'Motipur', 50),
(50054, 'Nandanagar', 50),
(50055, 'Nigalihawa', 50),
(50056, 'Pakadi', 50),
(50057, 'Parsohiya', 50),
(50058, 'Patariya', 50),
(50059, 'Patna', 50),
(50060, 'Patthardaihiya', 50),
(50061, 'Pipara', 50),
(50062, 'Purusottampur', 50),
(50063, 'Rajpur', 50),
(50064, 'Ramnagar', 50),
(50065, 'Rangapur', 50),
(50066, 'Sauraha', 50),
(50067, 'Shipanagar', 50),
(50068, 'Shivagadhi', 50),
(50069, 'Shivapur', 50),
(50070, 'Singhkhor', 50),
(50071, 'Sirsihawa', 50),
(50072, 'Sisawa', 50),
(50073, 'Somdiha', 50),
(50074, 'Thunhiya', 50),
(50075, 'Tilaurakot', 50),
(50076, 'Titirkhi', 50),
(50077, 'Udayapur', 50),
(50078, 'Vidhyanagar', 50),
(51001, 'Adguri', 51),
(51002, 'Argha', 51),
(51003, 'Arghatos', 51),
(51004, 'Asurkot', 51),
(51005, 'Balkot', 51),
(51006, 'Bangi', 51),
(51007, 'Bangla', 51),
(51008, 'Bhagawati', 51),
(51009, 'Chhatraganj', 51),
(51010, 'Chidika', 51),
(51011, 'Dhakawang', 51),
(51012, 'Dhanchaur', 51),
(51013, 'Dharapani', 51),
(51014, 'Dhatiwang', 51),
(51015, 'Dhikura', 51),
(51016, 'Dibharna', 51),
(51017, 'Gorkhunga', 51),
(51018, 'Hansapur', 51),
(51019, 'Jukena', 51),
(51020, 'Juluke', 51),
(51021, 'Keemadada', 51),
(51022, 'Kerunga', 51),
(51023, 'Khan', 51),
(51024, 'Khanchikot', 51),
(51025, 'Khandaha', 51),
(51026, 'Khidim', 51),
(51027, 'Khilji', 51),
(51028, 'Maidan', 51),
(51029, 'Mareng', 51),
(51030, 'Narapani', 51),
(51031, 'Nuwakot', 51),
(51032, 'Pali', 51),
(51033, 'Pathauti', 51),
(51034, 'Pathona', 51),
(51035, 'Pokharathok', 51),
(51036, 'Sandhikharka', 51),
(51037, 'Siddhara', 51),
(51038, 'Simalapani', 51),
(51039, 'Sitapur', 51),
(51040, 'Subarnakhal', 51),
(51041, 'Thada', 51),
(51042, 'Thulapokhara', 51),
(52001, 'Arkha', 52),
(52002, 'Badikot', 52),
(52003, 'Bangesal', 52),
(52004, 'Baraula', 52),
(52005, 'Barjiwang', 52),
(52006, 'Belwaspur', 52),
(52007, 'Bhingri', 52),
(52008, 'Bijayanagar', 52),
(52009, 'Bijubar', 52),
(52010, 'Bijuli', 52),
(52011, 'Chuja', 52),
(52012, 'Dakhanwadi', 52),
(52013, 'Damri', 52),
(52014, 'Dangwang', 52),
(52015, 'Dharampani', 52),
(52016, 'Dharmawati', 52),
(52017, 'Dhobaghat(Udayapurkot)', 52),
(52018, 'Dhuwang', 52),
(52019, 'Dungegadi', 52),
(52020, 'Gothiwang', 52),
(52021, 'Hansapur', 52),
(52022, 'Jumrikanda', 52),
(52023, 'Khaira', 52),
(52024, 'Khawang', 52),
(52025, 'Khung', 52),
(52026, 'Kochiwang', 52),
(52027, 'Ligha', 52),
(52028, 'Liwang', 52),
(52029, 'Lung', 52),
(52030, 'Majhakot', 52),
(52031, 'Maranthana', 52),
(52032, 'Markawang', 52),
(52033, 'Narikot', 52),
(52034, 'Nayagaun', 52),
(52035, 'Okharkot', 52),
(52036, 'Pakala', 52),
(52037, 'Phopli', 52),
(52038, 'Puja', 52),
(52039, 'Pythankhalanga', 52),
(52040, 'Rajbara', 52),
(52041, 'Ramdi', 52),
(52042, 'Ruspurkot', 52),
(52043, 'Sari', 52),
(52044, 'Swargadwarikhal', 52),
(52045, 'Syauliwang', 52),
(52046, 'Tiram', 52),
(52047, 'Torwang', 52),
(52048, 'Tusara', 52),
(52049, 'Wangemarot', 52),
(53001, 'Aresh', 53),
(53002, 'Bhawang', 53),
(53003, 'Bhirul', 53),
(53004, 'Budagaun', 53),
(53005, 'Dhawang', 53),
(53006, 'Dubaring', 53),
(53007, 'Dubidanda', 53),
(53008, 'Eriwang', 53),
(53009, 'Fagaam', 53),
(53010, 'Gaam', 53),
(53011, 'Gairigaun', 53),
(53012, 'Gajul', 53),
(53013, 'Ghartigaun', 53),
(53014, 'Ghodagaun', 53),
(53015, 'Gumchal', 53),
(53016, 'Harjang', 53),
(53017, 'Jailwang', 53),
(53018, 'Jaimakasala', 53),
(53019, 'Jankot', 53),
(53020, 'Jaulipokhari', 53),
(53021, 'Jedwang', 53),
(53022, 'Jhenam', 53),
(53023, 'Jinawang', 53),
(53024, 'Jungar', 53),
(53025, 'Kareti', 53),
(53026, 'Khumel', 53),
(53027, 'Khungri', 53),
(53028, 'Korchawang', 53),
(53029, 'Kotgaun', 53),
(53030, 'Kureli', 53),
(53031, 'Liwang', 53),
(53032, 'Masina', 53),
(53033, 'Mijhing', 53),
(53034, 'Nuwagaun', 53),
(53035, 'Pachhawang', 53),
(53036, 'Pakhapani', 53),
(53037, 'Pang', 53),
(53038, 'Rangkot', 53),
(53039, 'Rangsi', 53),
(53040, 'Rank', 53),
(53041, 'Sakhi', 53),
(53042, 'Seram', 53),
(53043, 'Sirpa', 53),
(53044, 'Siuri', 53),
(53045, 'Talawang', 53),
(53046, 'Tewang', 53),
(53047, 'Thawang', 53),
(53048, 'Uwa', 53),
(53049, 'Wadachaur', 53),
(53050, 'Whama', 53),
(53051, 'Wot', 53),
(54001, 'Aathbisdanda', 54),
(54002, 'Aathbiskot', 54),
(54003, 'Arma', 54),
(54004, 'Baflikot', 54),
(54005, 'Bhalakacha', 54),
(54006, 'Chaurjahari', 54),
(54007, 'Chhiwang', 54),
(54008, 'Chokhawang', 54),
(54009, 'Chunwang', 54),
(54010, 'Duli', 54),
(54011, 'Garayala', 54),
(54012, 'Gautamkot', 54),
(54013, 'Ghetma', 54),
(54014, 'Hukam', 54),
(54015, 'Jang', 54),
(54016, 'Jhula', 54),
(54017, 'Kanda', 54),
(54018, 'Kankri', 54),
(54019, 'Khara', 54),
(54020, 'Kholagaun', 54),
(54021, 'Kol', 54),
(54022, 'Kotjahari', 54),
(54023, 'Magma', 54),
(54024, 'Mahat', 54),
(54025, 'Morawang', 54),
(54026, 'Muru', 54),
(54027, 'Musikotkhalanga', 54),
(54028, 'Nuwakot', 54),
(54029, 'Pipal', 54),
(54030, 'Pokhara', 54),
(54031, 'Purtimkanda', 54),
(54032, 'Pwang', 54),
(54033, 'Pyaugha', 54),
(54034, 'Rangsi', 54),
(54035, 'Ranmamaikot', 54),
(54036, 'Rugha', 54),
(54037, 'Sankha', 54),
(54038, 'Simli', 54),
(54039, 'Sisne', 54),
(54040, 'Sobha', 54),
(54041, 'Syalagadi', 54),
(54042, 'Syalapakha', 54),
(54043, 'Taksera', 54),
(55001, 'Badagaun', 55),
(55002, 'Waphukhola', 55),
(55003, 'Bajhkanda', 55),
(55004, 'Bame', 55),
(55005, 'Bhalchaur', 55),
(55006, 'Chadekareni', 55),
(55007, 'Chhayachhetra', 55),
(55008, 'Damachaur', 55),
(55009, 'Dandagaun', 55),
(55010, 'Darmakot', 55),
(55011, 'Devsthal', 55),
(55012, 'Dhanjaripipal', 55),
(55013, 'Dhakadam', 55),
(55014, 'Dhanwang', 55),
(55015, 'Hiwalcha', 55),
(55016, 'Jimali', 55),
(55017, 'Kabhrechaur', 55),
(55018, 'Kajeri', 55),
(55019, 'Kalagaun', 55),
(55020, 'Kalimatikalche', 55),
(55021, 'Kalimatirampur', 55),
(55022, 'Karagithi', 55),
(55023, 'Kavra', 55),
(55024, 'Khalanga', 55),
(55025, 'Korbangjhimpe', 55),
(55026, 'Kotbara', 55),
(55027, 'Kotmola', 55),
(55028, 'Kubhindedaha', 55),
(55029, 'Laksmipur', 55),
(55030, 'Lekhpokhara', 55),
(55031, 'Majhkanda', 55),
(55032, 'Marke', 55),
(55033, 'Marmaparikanda', 55),
(55034, 'Mulkhola', 55),
(55035, 'Nigalchula', 55),
(55036, 'Phalawang', 55),
(55037, 'Pipalneta', 55),
(55038, 'Rim', 55),
(55039, 'Saijuwaltakura', 55),
(55040, 'Sarpanigarpa', 55),
(55041, 'Shivarath', 55),
(55042, 'Siddheshwari', 55),
(55043, 'Sinbang', 55),
(55044, 'Suikot', 55),
(55045, 'Syanikhal', 55),
(55046, 'Tharmare', 55),
(55047, 'Tribeni', 55),
(56001, 'Baghmare', 56),
(56002, 'Bela', 56),
(56003, 'Bijauri', 56),
(56004, 'Chaulahi', 56),
(56005, 'Dhanauri', 56),
(56006, 'Dharna', 56),
(56007, 'Dhikpur', 56),
(56008, 'Duruwa', 56),
(56009, 'Gadhawa', 56),
(56010, 'Gangapraspur', 56),
(56011, 'Gobardiya', 56),
(56012, 'Goltakuri', 56),
(56013, 'Halwar', 56),
(56014, 'Hansipur', 56),
(56015, 'Hapur', 56),
(56016, 'Hekuli', 56),
(56017, 'Kabhre', 56),
(56018, 'Koilabas', 56),
(56019, 'Lalmatiya', 56),
(56020, 'Laxmipur', 56),
(56021, 'Loharpani', 56),
(56022, 'Manpur', 56),
(56023, 'Narayanpur', 56),
(56024, 'Panchakule', 56),
(56025, 'Pawannagar', 56),
(56026, 'Phulbari', 56),
(56027, 'Purandhara', 56),
(56028, 'Rajpur', 56),
(56029, 'Rampur', 56),
(56030, 'Saidha', 56),
(56031, 'Satbariya', 56),
(56032, 'Saudiyar', 56),
(56033, 'Shantinagar', 56),
(56034, 'Shreegaun', 56),
(56035, 'Sisahaniya', 56),
(56036, 'Sonpur', 56),
(56037, 'Syuja', 56),
(56038, 'Tarigaun', 56),
(56039, 'Tribhuwannagar Municipality', 56),
(56040, 'Tulsipur Municipality', 56),
(56041, 'Urahari', 56),
(57001, 'Bageswari', 57),
(57002, 'Banakatawa', 57),
(57003, 'Banakatti', 57),
(57004, 'Basudevapur', 57),
(57005, 'Bejapur', 57),
(57006, 'Belahari', 57),
(57007, 'Belbhar', 57),
(57008, 'Betahani', 57),
(57009, 'Bhawaniyapur', 57),
(57010, 'Binauna', 57),
(57011, 'Chisapani', 57),
(57012, 'Ganapur', 57),
(57013, 'Gangapur', 57),
(57014, 'Hirminiya', 57),
(57015, 'Holiya', 57),
(57016, 'Indarpur', 57),
(57017, 'Jaispur', 57),
(57018, 'Kalaphanta', 57),
(57019, 'Kamdi', 57),
(57020, 'Kanchanapur', 57),
(57021, 'Kathkuiya', 57),
(57022, 'Khajurakhurda', 57),
(57023, 'Khaskarkado', 57),
(57024, 'Khaskusma', 57),
(57025, 'Kohalpur', 57),
(57026, 'Laxmanpur', 57),
(57027, 'Mahadevpuri', 57),
(57028, 'Manikapur', 57),
(57029, 'Matahiya', 57),
(57030, 'Narainapur', 57),
(57031, 'Naubasta', 57),
(57032, 'Nepalganj Municipality', 57),
(57033, 'Paraspur', 57),
(57034, 'Phatepur', 57),
(57035, 'Piparhawa', 57),
(57036, 'Puraina', 57),
(57037, 'Puraini', 57),
(57038, 'Radhapur', 57),
(57039, 'Rajhena', 57),
(57040, 'Raniyapur', 57),
(57041, 'Saigaun', 57),
(57042, 'Samserganj', 57),
(57043, 'Sitapur', 57),
(57044, 'Sonapur', 57),
(57045, 'Titihiriya', 57),
(57046, 'Udarapur', 57),
(57047, 'Udayapur', 57),
(58001, 'Badalpur', 58),
(58002, 'Baganaha', 58),
(58003, 'Baniyabhar', 58),
(58004, 'Belawa', 58),
(58005, 'Bhimapur', 58),
(58006, 'Daulatpur', 58),
(58007, 'Deudakala', 58),
(58008, 'Dhadhawar', 58),
(58009, 'Dhodhari', 58),
(58010, 'Gola', 58),
(58011, 'Gulariya Municipality', 58),
(58012, 'Jamuni', 58),
(58013, 'Kalika', 58),
(58014, 'Khairichandanpur', 58),
(58015, 'Magaragadi', 58),
(58016, 'Mahamadpur', 58),
(58017, 'Manpurmainapokhar', 58),
(58018, 'Manau', 58),
(58019, 'Manpurtapara', 58),
(58020, 'Motipur', 58),
(58021, 'Nayagaun', 58),
(58022, 'Neulapur', 58),
(58023, 'Padanaha', 58),
(58024, 'Pasupatinagar', 58),
(58025, 'Patabhar', 58),
(58026, 'Rajapur', 58),
(58027, 'Sanashree', 58),
(58028, 'Sivapur', 58),
(58029, 'Sorhawa', 58),
(58030, 'Suryapatawa', 58),
(58031, 'Taratal', 58),
(58032, 'Thakudwara', 58),
(59001, 'Agragaun', 59),
(59002, 'Awalching', 59),
(59003, 'Babiyachaur', 59),
(59004, 'Bajedichaur', 59),
(59005, 'Betan', 59),
(59006, 'Bidyapur', 59),
(59007, 'Bijaura', 59),
(59008, 'Birendranagar Municipality', 59),
(59009, 'Chapre', 59),
(59010, 'Chhinchu', 59),
(59011, 'Dahachaur', 59),
(59012, 'Dandakhali', 59),
(59013, 'Dasarathpur', 59),
(59014, 'Dharapani', 59),
(59015, 'Gadibayalkada', 59),
(59016, 'Garpan', 59),
(59017, 'Ghatgaun', 59),
(59018, 'Ghoreta', 59),
(59019, 'Ghumkhahare', 59),
(59020, 'Gumi', 59),
(59021, 'Guthu', 59),
(59022, 'Hariharpur', 59),
(59023, 'Jarbuta', 59),
(59024, 'Kafalkot', 59),
(59025, 'Kalyan', 59),
(59026, 'Kaprichaur', 59),
(59027, 'Khanikholla', 59),
(59028, 'Kunathari', 59),
(59029, 'Lagaam', 59),
(59030, 'Latikoili', 59),
(59031, 'Lekhfarsa', 59),
(59032, 'Lekhgaun', 59),
(59033, 'Lekhparajul', 59),
(59034, 'Maintada', 59),
(59035, 'Malarani', 59),
(59036, 'Matela', 59),
(59037, 'Mehelkuna', 59),
(59038, 'Neta', 59),
(59039, 'Pamka', 59),
(59040, 'Pokharikanda', 59),
(59041, 'Rajena', 59),
(59042, 'Rakam', 59),
(59043, 'Ramghat', 59),
(59044, 'Ranibas', 59),
(59045, 'Ratu', 59),
(59046, 'Sahare', 59),
(59047, 'Salkot', 59),
(59048, 'Satakhani', 59),
(59049, 'Taranga', 59),
(59050, 'Tatopani', 59),
(59051, 'Uttarganga', 59),
(60001, 'Awalparajul', 60),
(60002, 'Badabhairab', 60),
(60003, 'Badakhola', 60),
(60004, 'Badalamji', 60),
(60005, 'Baluwatar', 60),
(60006, 'Bansi', 60),
(60007, 'Baraha', 60),
(60008, 'Belpata', 60),
(60009, 'Bhawani', 60),
(60010, 'Bindhyabasini', 60),
(60011, 'Bisalla', 60),
(60012, 'Chamunda', 60),
(60013, 'Chauratha', 60),
(60014, 'Dadaparajul', 60),
(60015, 'Dullu', 60),
(60016, 'Gamaudi', 60),
(60017, 'Gauri', 60),
(60018, 'Goganpani', 60),
(60019, 'Jaganath', 60),
(60020, 'Jambukandh', 60),
(60021, 'Kalbhairab', 60),
(60022, 'Kalika', 60),
(60023, 'Kasikandh', 60),
(60024, 'Katti', 60),
(60025, 'Khadkawada', 60),
(60026, 'Kharigera', 60),
(60027, 'Kusapani', 60),
(60028, 'Lakandra', 60),
(60029, 'Lakuri', 60),
(60030, 'Lalikanda', 60),
(60031, 'Lyatibindraseni', 60),
(60032, 'Mairikalikathum', 60),
(60033, 'Malika', 60),
(60034, 'Moheltolee', 60),
(60035, 'Narayan Municipality', 60),
(60036, 'Naulekatuwal', 60),
(60037, 'Nepa', 60),
(60038, 'Nomule', 60),
(60039, 'Odhari', 60),
(60040, 'Padukasthan', 60),
(60041, 'Pagnath', 60),
(60042, 'Piladi', 60),
(60043, 'Pipalkot', 60),
(60044, 'Pusakotchiudi', 60),
(60045, 'Rakamkarnali', 60),
(60046, 'Raniban', 60),
(60047, 'Rawatkot', 60),
(60048, 'Room', 60),
(60049, 'Salleri', 60),
(60050, 'Santalla', 60),
(60051, 'Seri', 60),
(60052, 'Sigaudi', 60),
(60053, 'Sinhasain', 60),
(60054, 'Tilepata', 60),
(60055, 'Toli', 60),
(60056, 'Tolijaisi', 60),
(61001, 'Archhani', 61),
(61002, 'Bhagawatitol', 61),
(61003, 'Bhoor', 61),
(61004, 'Daha', 61),
(61005, 'Dandagaun', 61),
(61006, 'Dasera', 61),
(61007, 'Dhime', 61),
(61008, 'Garkhakot', 61),
(61009, 'Jagatipur', 61),
(61010, 'Jhapra', 61),
(61011, 'Jungathapachaur', 61),
(61012, 'Karkigaun', 61),
(61013, 'Khagenkot', 61),
(61014, 'Khalanga', 61),
(61015, 'Kortrang', 61),
(61016, 'Lahai', 61),
(61017, 'Majhakot', 61),
(61018, 'Nayakwada', 61),
(61019, 'Paink', 61),
(61020, 'Pajaru', 61),
(61021, 'Punama', 61),
(61022, 'Ragda', 61),
(61023, 'Ramidanda', 61),
(61024, 'Rokayagaun', 61),
(61025, 'Sakala', 61),
(61026, 'Salma', 61),
(61027, 'Sima', 61),
(61028, 'Suwanauli', 61),
(61029, 'Talegaun', 61),
(61030, 'Thalaraikar', 61),
(62001, 'Bhijer', 62),
(62002, 'Chharka', 62),
(62003, 'Dho', 62),
(62004, 'Dunai', 62),
(62005, 'Jufal', 62),
(62006, 'Kaigaun', 62),
(62007, 'Kalika', 62),
(62008, 'Lawan', 62),
(62009, 'Laha', 62),
(62010, 'Likhu', 62),
(62011, 'Majhfal', 62),
(62012, 'Mukot', 62),
(62013, 'Narku', 62),
(62014, 'Pahada', 62),
(62015, 'Phoksundo', 62),
(62016, 'Raha', 62),
(62017, 'Rimi', 62),
(62018, 'Sahartara', 62),
(62019, 'Saldang', 62),
(62020, 'Sarmi', 62),
(62021, 'Suhun', 62),
(62022, 'Tinje', 62),
(62023, 'Tripurakot', 62),
(63001, 'Badki', 63),
(63002, 'Birat', 63),
(63003, 'Buvramadichaur', 63),
(63004, 'Chandannath', 63),
(63005, 'Chhumchaur', 63),
(63006, 'Depalgaun', 63),
(63007, 'Dhapa', 63),
(63008, 'Dillichaur', 63),
(63009, 'Garjyangkot', 63),
(63010, 'Ghodemahadev', 63),
(63011, 'Guthichaur', 63),
(63012, 'Haku', 63),
(63013, 'Kalikakhetu', 63),
(63014, 'Kanakasundari', 63),
(63015, 'Kartikswami', 63),
(63016, 'Kudari', 63),
(63017, 'Labhra', 63),
(63018, 'Lihi(Rara)', 63),
(63019, 'Mahabepattharkhola', 63),
(63020, 'Mahatgaun', 63),
(63021, 'Malikabota', 63),
(63022, 'Malikathota', 63),
(63023, 'Narakot', 63),
(63024, 'Pandawagufa', 63),
(63025, 'Patarasi', 63),
(63026, 'Patmara', 63),
(63027, 'Sanigaun', 63),
(63028, 'Talium', 63),
(63029, 'Tamti', 63),
(63030, 'Tatopani', 63),
(64001, 'Badalkot', 64),
(64002, 'Chhapre', 64),
(64003, 'Chilkhaya', 64),
(64004, 'Daha', 64),
(64005, 'Dholagoh', 64),
(64006, 'Gela', 64),
(64007, 'Jubika', 64),
(64008, 'Khin', 64),
(64009, 'Kotbada', 64),
(64010, 'Kumalgaun', 64),
(64011, 'Lalu', 64),
(64012, 'Malkot', 64),
(64013, 'Manma', 64),
(64014, 'Marta', 64),
(64015, 'Mehalmudi', 64),
(64016, 'Mugraha', 64),
(64017, 'Mumra', 64),
(64018, 'Nanikot', 64),
(64019, 'Odanaku', 64),
(64020, 'Pakha', 64),
(64021, 'Phui Mahadev', 64),
(64022, 'Phukot', 64),
(64023, 'Ranku', 64),
(64024, 'Ramnakot', 64),
(64025, 'Ranchuli', 64),
(64026, 'Rupsa', 64),
(64027, 'Sipkhana', 64),
(64028, 'Syuna', 64),
(64029, 'Sukatiya', 64),
(64030, 'Thirpu', 64),
(65001, 'Bhiyee', 65),
(65002, 'Dhainakot', 65),
(65003, 'Dolphu', 65),
(65004, 'Gumtha', 65),
(65005, 'Hyanglu', 65),
(65006, 'Jima', 65),
(65007, 'Karkibada', 65),
(65008, 'Kimari', 65),
(65009, 'Kotdanda', 65),
(65010, 'Mangri', 65),
(65011, 'Mugu', 65),
(65012, 'Natharpu', 65),
(65013, 'Photu', 65),
(65014, 'Pina', 65),
(65015, 'Pulu', 65),
(65016, 'Rara(Gilas)', 65),
(65017, 'Rarakalai', 65),
(65018, 'Rowa', 65),
(65019, 'Ruga', 65),
(65020, 'Khaumale', 65),
(65021, 'Seri', 65),
(65022, 'Shrikot', 65),
(65023, 'Shreenagar', 65),
(65024, 'Sukhadhik', 65),
(66001, 'Baraigaun', 66),
(66002, 'Bargaun', 66),
(66003, 'Chhipra', 66),
(66004, 'Dandafaya', 66),
(66005, 'Darma', 66),
(66006, 'Gothi', 66),
(66007, 'Hepka', 66),
(66008, 'Jair', 66),
(66009, 'Kalika', 66),
(66010, 'Khagalgaun', 66),
(66011, 'Kharpunath', 66),
(66012, 'Lali', 66),
(66013, 'Limi', 66),
(66014, 'Madana', 66),
(66015, 'Maila', 66),
(66016, 'Melchham', 66),
(66017, 'Mimi', 66),
(66018, 'Muchu', 66),
(66019, 'Raya', 66),
(66020, 'Rodikot', 66),
(66021, 'Sarkeedeu', 66),
(66022, 'Saya(Sama)', 66),
(66023, 'Shreenagar', 66),
(66024, 'Shreemastha', 66),
(66025, 'Simikot', 66),
(66026, 'Syada', 66),
(66027, 'Thehe', 66),
(67001, 'Atichaur', 67),
(67002, 'Baddhu', 67),
(67003, 'Bai', 67),
(67004, 'Barhabise', 67),
(67005, 'Bichhaiyan', 67),
(67006, 'Bramhatola', 67),
(67007, 'Budhiganga', 67),
(67008, 'Chhatara', 67),
(67009, 'Dahakot', 67),
(67010, 'Dogadi', 67),
(67011, 'Gotree', 67),
(67012, 'Gudukhati', 67),
(67013, 'Jagannath', 67),
(67014, 'Jayabageswori', 67),
(67015, 'Jugada', 67),
(67016, 'Jukot', 67),
(67017, 'Kailashmandau', 67),
(67018, 'Kanda', 67),
(67019, 'Kolti', 67),
(67020, 'Kotila', 67),
(67021, 'Kuldeumadau', 67),
(67022, 'Manakot', 67),
(67023, 'Martadi', 67),
(67024, 'Pandusain', 67),
(67025, 'Rugin', 67),
(67026, 'Sapata', 67),
(67027, 'Tolidewal', 67),
(68001, 'Banjh', 68),
(68002, 'Bhairabanath', 68),
(68003, 'Bhamchaur', 68),
(68004, 'Bhatekhola', 68),
(68005, 'Byasi', 68),
(68006, 'Chainpur', 68),
(68007, 'Chaudhari', 68),
(68008, 'Dahabagar', 68),
(68009, 'Dangaji', 68),
(68010, 'Dantola', 68),
(68011, 'Daulichaur', 68),
(68012, 'Deulekh', 68),
(68013, 'Deulikot', 68),
(68014, 'Dhamena', 68),
(68015, 'Gadaraya', 68),
(68016, 'Hemantabada', 68),
(68017, 'Kadel', 68),
(68018, 'Kailash', 68),
(68019, 'Kalukheti', 68),
(68020, 'Kanda', 68),
(68021, 'Kaphalaseri', 68),
(68022, 'Khiratadi', 68),
(68023, 'Koiralakot', 68),
(68024, 'Kotbhairab', 68),
(68025, 'Kotdewal', 68),
(68026, 'Lamatola', 68),
(68027, 'Lekhgau', 68),
(68028, 'Luyanta', 68),
(68029, 'Majhigau', 68),
(68030, 'Malumela', 68),
(68031, 'Mashdev', 68),
(68032, 'Matela', 68),
(68033, 'Maulali', 68),
(68034, 'Melbisauni', 68),
(68035, 'Parakatne', 68),
(68036, 'Patadewal', 68),
(68037, 'Pauwagadhi', 68),
(68038, 'Pipalkot', 68),
(68039, 'Rayal', 68),
(68040, 'Rilu', 68),
(68041, 'Rithapata', 68),
(68042, 'Sainpasela', 68),
(68043, 'Subeda', 68),
(68044, 'Sunikot', 68),
(68045, 'Sunkuda', 68),
(68046, 'Surma', 68),
(68047, 'Syandi', 68),
(69001, 'Babala', 69),
(69002, 'Baijinath', 69),
(69003, 'Bannatoli', 69),
(69004, 'Baradadivi', 69),
(69005, 'Basti', 69),
(69006, 'Batulasen', 69),
(69007, 'Bayala', 69),
(69008, 'Bhagyaswori', 69),
(69009, 'Bhairabsthan', 69),
(69010, 'Bhatakatiya', 69),
(69011, 'Bhuli', 69),
(69012, 'Binayak', 69),
(69013, 'Bindhyawasini', 69),
(69014, 'Birpath', 69),
(69015, 'Budhakot', 69),
(69016, 'Chalsa', 69),
(69017, 'Chandika(Bayalpata)', 69),
(69018, 'Chaphamandau', 69),
(69019, 'Darna', 69),
(69020, 'Devisthan', 69),
(69021, 'Dhakari', 69),
(69022, 'Dhaku', 69),
(69023, 'Dhamali', 69),
(69024, 'Dhodasain', 69),
(69025, 'Dhudharukot', 69),
(69026, 'Dhungachalna', 69),
(69027, 'Duni', 69),
(69028, 'Gajara', 69),
(69029, 'Hatikot', 69),
(69030, 'Hichma', 69),
(69031, 'Jalapadevi', 69),
(69032, 'Janalibandali', 69),
(69033, 'Janalikot', 69),
(69034, 'Jupu', 69),
(69035, 'Kalagau', 69),
(69036, 'Kalekanda', 69),
(69037, 'Kalika', 69),
(69038, 'Kalikasthan', 69),
(69039, 'Khaptad', 69),
(69040, 'Khodasadevi', 69),
(69041, 'Kuika', 69),
(69042, 'Kuntibandali', 69),
(69043, 'Kushkot', 69),
(69044, 'Layati', 69),
(69045, 'Lungra', 69),
(69046, 'Malatikot', 69),
(69047, 'Mangalsen', 69),
(69048, 'Marku', 69),
(69049, 'Mashtanamdali', 69),
(69050, 'Mastamandau', 69),
(69051, 'Nada', 69),
(69052, 'Nandegada', 69),
(69053, 'Nawathana', 69),
(69054, 'Oligau', 69),
(69055, 'Patalkot', 69),
(69056, 'Payal', 69),
(69057, 'Pulletala', 69),
(69058, 'Rahaph', 69),
(69059, 'Ramarosan', 69),
(69060, 'Raniban', 69),
(69061, 'Ridikot', 69),
(69062, 'Risidaha', 69),
(69063, 'Santada', 69),
(69064, 'Sera', 69),
(69065, 'Siddheswor', 69),
(69066, 'Siudi', 69),
(69067, 'Soukat', 69),
(69068, 'Sutar', 69),
(69069, 'Thanti', 69),
(69070, 'Timilsain', 69),
(69071, 'Toli', 69),
(69072, 'Tosi', 69),
(69073, 'Turmakhad', 69),
(69074, 'Walant', 69),
(69075, 'Warla', 69),
(70001, 'Banjakakani', 70),
(70002, 'Banlek', 70),
(70003, 'Barchhen', 70),
(70004, 'Basudevi', 70),
(70005, 'Bhumirajmadau', 70),
(70006, 'Chawarachautara', 70),
(70007, 'Chhapali', 70),
(70008, 'Chhatiwan', 70),
(70009, 'Dahakalikasthan', 70),
(70010, 'Daud', 70),
(70011, 'Dhanglagau', 70),
(70012, 'Dhirkamandau', 70),
(70013, 'Dipayal Silgadhi Municipality', 70),
(70014, 'Durgamadau', 70),
(70015, 'Gadasera', 70),
(70016, 'Gaguda', 70),
(70017, 'Gaihragau', 70),
(70018, 'Ganjari', 70),
(70019, 'Ghanteswor', 70),
(70020, 'Girichauka', 70),
(70021, 'Jijodamandau', 70),
(70022, 'Kadamadaun', 70),
(70023, 'Kalena', 70),
(70024, 'Kalikasthan', 70),
(70025, 'Kanachaur', 70),
(70026, 'Kapalleki', 70),
(70027, 'Kedarakhada', 70),
(70028, 'Khatiwada', 70),
(70029, 'Khirsain', 70),
(70030, 'Ladagada', 70),
(70031, 'Lamikhal', 70),
(70032, 'Lanakedareswor', 70),
(70033, 'Latamandau', 70),
(70034, 'Laxminagar', 70),
(70035, 'Mahadevsthan', 70),
(70036, 'Mannakapadi', 70),
(70037, 'Mudabhara', 70),
(70038, 'Mudhegau', 70),
(70039, 'Nirauli', 70),
(70040, 'Pachanali', 70),
(70041, 'Pokhari', 70),
(70042, 'Ranagau', 70),
(70043, 'Sanagau', 70),
(70044, 'Saraswotinagar', 70),
(70045, 'Satphari', 70),
(70046, 'Simchaur', 70),
(70047, 'Tijali', 70),
(70048, 'Tikhatar', 70),
(70049, 'Toleni', 70),
(70050, 'Wagalek', 70),
(70051, 'Warpata', 70),
(71001, 'Baliya', 71),
(71002, 'Basauti', 71),
(71003, 'Beladevipur', 71),
(71004, 'Bhajani', 71),
(71005, 'Boniya', 71),
(71006, 'Chauha', 71),
(71007, 'Chaumala', 71),
(71008, 'Dansinhapur', 71),
(71009, 'Darakh', 71),
(71010, 'Dhangadi Municipality', 71),
(71011, 'Dododhara', 71),
(71012, 'Durgauli', 71),
(71013, 'Gadariya', 71),
(71014, 'Geta', 71),
(71015, 'Godawari', 71),
(71016, 'Hasuliya', 71),
(71017, 'Janakinagar', 71),
(71018, 'Joshipur', 71),
(71019, 'Khailad', 71),
(71020, 'Khairala', 71),
(71021, 'Kotatulsipur', 71),
(71022, 'Lalbojhi', 71),
(71023, 'Malakheti', 71),
(71024, 'Masuriya', 71),
(71025, 'Mohanyal', 71),
(71026, 'Munuwa', 71),
(71027, 'Narayanpur', 71),
(71028, 'Nigali', 71),
(71029, 'Pahalmanpur', 71),
(71030, 'Pandaun', 71),
(71031, 'Pathariya', 71),
(71032, 'Pawera', 71),
(71033, 'Phulwari', 71),
(71034, 'Pratapapur', 71),
(71035, 'Ramsikharjhala', 71),
(71036, 'Ratanpur', 71),
(71037, 'Sadepani', 71),
(71038, 'Sahajpur', 71),
(71039, 'Sreepur', 71),
(71040, 'Sugarkhal', 71),
(71041, 'Thapapur', 71),
(71042, 'Tikapur Municipality', 71),
(71043, 'Udasipur', 71),
(71044, 'Urma', 71),
(72001, 'Baisibichawa', 72),
(72002, 'Beldandi', 72),
(72003, 'Chandani', 72),
(72004, 'Daijee', 72),
(72005, 'Dekhatbhuli', 72),
(72006, 'Dodhara', 72),
(72007, 'Jhalari', 72),
(72008, 'Kalika', 72),
(72009, 'Krishnapur', 72),
(72010, 'Laxmipur', 72),
(72011, 'Mahendranagar Municipality', 72),
(72012, 'Parasan', 72),
(72013, 'Pipaladi', 72),
(72014, 'Raikawarbichawa', 72),
(72015, 'Rampurbilaspur', 72),
(72016, 'Rautelibichawa', 72),
(72017, 'Sankarpur', 72),
(72018, 'Sreepur', 72),
(72019, 'Suda', 72),
(72020, 'Tribhuwanbast', 72),
(73001, 'Ajayameru', 73),
(73002, 'Alital', 73),
(73003, 'Amargadhi Municipality', 73),
(73004, 'Ashigram', 73),
(73005, 'Bagarkot', 73),
(73006, 'Belapur', 73),
(73007, 'Bhadrapur', 73),
(73008, 'Bhageswor', 73),
(73009, 'Chipur', 73),
(73010, 'Dewaldibyapur', 73),
(73011, 'Ganeshpur', 73),
(73012, 'Gankhet', 73),
(73013, 'Jogbuda', 73),
(73014, 'Kailapalamandau', 73),
(73015, 'Koteli', 73),
(73016, 'Manilek', 73),
(73017, 'Mashtamandau', 73),
(73018, 'Nawadurga', 73),
(73019, 'Rupal', 73),
(73020, 'Samejee', 73),
(73021, 'Sirsha', 73),
(74001, 'Amchaur', 74),
(74002, 'Basantapur', 74),
(74003, 'Basuling', 74),
(74004, 'Bhatana', 74),
(74005, 'Bhumeswor', 74),
(74006, 'Bijayapur', 74),
(74007, 'Bilashpur', 74),
(74008, 'Bumiraj', 74),
(74009, 'Chaukham', 74),
(74010, 'Dasharathchand Municipality', 74),
(74011, 'Dehimandau', 74),
(74012, 'Deulek', 74),
(74013, 'Dhikarim/Rim', 74),
(74014, 'Dhikasintad/Sitad', 74),
(74015, 'Dhungad', 74),
(74016, 'Dilasaini', 74),
(74017, 'Durgabhabani', 74),
(74018, 'Durgasthan', 74),
(74019, 'Gajari', 74),
(74020, 'Giregada', 74),
(74021, 'Gokuleswor', 74),
(74022, 'Gujar', 74),
(74023, 'Gurukhola', 74),
(74024, 'Gwallek', 74),
(74025, 'Hat', 74),
(74026, 'Hatraj', 74),
(74027, 'Kaipal', 74),
(74028, 'Kataujpani', 74),
(74029, 'Kotila', 74),
(74030, 'Kotpetara', 74),
(74031, 'Kulau', 74),
(74032, 'Kuwakot', 74),
(74033, 'Mahadevsthan', 74),
(74034, 'Mahakali', 74),
(74035, 'Maharudra', 74),
(74036, 'Malladehi', 74),
(74037, 'Mathairaj', 74),
(74038, 'Maunali', 74),
(74039, 'Melauli', 74),
(74040, 'Nagarjun', 74),
(74041, 'Nwadeu', 74),
(74042, 'Nwali', 74),
(74043, 'Pancheswor', 74),
(74044, 'Patan', 74),
(74045, 'Raudidewal', 74),
(74046, 'Rauleswor', 74),
(74047, 'Rudreswor', 74),
(74048, 'Sakar', 74),
(74049, 'Salena', 74),
(74050, 'Sarmali', 74),
(74051, 'Shankarpur', 74),
(74052, 'Shibanath', 74),
(74053, 'Shikharpur', 74),
(74054, 'Shivaling', 74),
(74055, 'Siddhapur', 74),
(74056, 'Siddheswor', 74),
(74057, 'Sikash', 74),
(74058, 'Silanga', 74),
(74059, 'Sreekedar', 74),
(74060, 'Sreekot', 74),
(74061, 'Talladehi', 74),
(74062, 'Thalakanda', 74),
(74063, 'Udayadeb', 74),
(75001, 'Bhagabati', 75),
(75002, 'Boharigau', 75),
(75003, 'Bramhadev', 75),
(75004, 'Byash', 75),
(75005, 'Chhapari', 75),
(75006, 'Dadakot', 75),
(75007, 'Dattu', 75),
(75008, 'Dethala', 75),
(75009, 'Dhap', 75),
(75010, 'Dhari', 75),
(75011, 'Dhaulakot', 75),
(75012, 'Dhuligada', 75),
(75013, 'Eyarkot', 75),
(75014, 'Ghusa', 75),
(75015, 'Gokuleswor', 75),
(75016, 'Guljar', 75),
(75017, 'Gwani', 75),
(75018, 'Hikila', 75),
(75019, 'Hunainath', 75),
(75020, 'Huti', 75),
(75021, 'Kante', 75),
(75022, 'Khalanga', 75),
(75023, 'Khandeswori', 75),
(75024, 'Khar', 75),
(75025, 'Kharkada', 75),
(75026, 'Lali', 75),
(75027, 'Latinath', 75),
(75028, 'Malikarjun', 75),
(75029, 'Pipalchauri', 75),
(75030, 'Ranisikhar', 75),
(75031, 'Rapla', 75),
(75032, 'Rithachaupata', 75),
(75033, 'Sankarpur', 75),
(75034, 'Seri', 75),
(75035, 'Sharmauli', 75),
(75036, 'Sikhar', 75),
(75037, 'Sipti', 75),
(75038, 'Sitaula', 75),
(75039, 'Sunsera', 75),
(75040, 'Tapoban', 75),
(75041, 'Uku', 75);

/*!40101 SET CHARACTER_SET_CLIENT=@OLD_CHARACTER_SET_CLIENT */;
/*!40101 SET CHARACTER_SET_RESULTS=@OLD_CHARACTER_SET_RESULTS */;
/*!40101 SET COLLATION_CONNECTION=@OLD_COLLATION_CONNECTION */;
